_ID_,_LAT_,_LON_
361,56.82762,60.58108
428,55.69032,37.60400
490,59.87570,30.36082
1175,55.75771,37.61448
1239,55.80123,37.53538
1476,59.90715,30.48325
1601,59.94412,30.27385
1628,43.44669,39.95064
1676,46.33943,48.02300
1916,56.30366,43.94614
2189,56.76609,60.70658
2726,55.76379,37.55824
3077,55.79499,37.49405
4698,60.02047,30.37400
5315,56.83890,60.60784
5392,55.99878,37.22171
6019,55.70923,37.65760
6261,55.72604,37.64314
7536,59.09370,37.92315
8088,59.94278,30.34710
8233,55.74365,37.50812
8783,55.65684,37.74357
8787,59.95897,30.48487
8969,55.78308,37.59736
9239,55.69853,37.62419
10773,59.99903,30.31463
11995,55.75413,37.62006
12251,55.75097,38.00982
12455,55.58914,37.72301
12903,55.65378,37.64717
13314,59.92493,30.38676
13384,55.67988,37.56847
14037,59.93695,30.38055
15248,55.80736,37.32820
15269,54.71538,20.53060
15843,55.70687,37.59360
16214,51.53441,46.01751
16357,48.69490,44.48646
17421,59.91206,30.35836
17557,59.93991,30.34712
18307,55.11317,36.59687
18370,55.77651,37.65714
19153,47.22736,39.61516
20081,55.79575,37.49077
20398,59.91956,30.28396
20980,59.93582,30.32195
21018,60.00778,30.25781
21665,55.86656,37.70477
22478,55.75377,37.61261
22684,59.90046,30.39930
22927,51.82693,55.15048
23597,59.87778,30.35732
24005,55.73170,37.63561
24540,55.64625,37.51723
25423,59.93377,30.34341
26170,59.92867,30.34611
26312,55.79488,37.60958
26630,59.92535,30.29402
26689,51.53382,46.01139
27640,61.26515,73.37397
27710,59.86632,30.46594
28272,55.71043,37.62216
28841,55.04372,82.92233
29255,55.74760,37.68059
29796,55.68466,37.62196
30518,60.01686,30.40925
30552,55.68991,37.54708
30982,56.35391,61.98779
31317,59.92639,30.35978
31677,60.05521,30.34110
31736,55.61021,37.71920
32415,59.98949,30.29518
32711,59.91219,30.31000
32763,55.11652,36.59398
32795,55.72130,37.78605
32910,55.90889,37.54023
33676,55.68056,37.49327
33757,55.66359,37.51058
34401,55.70270,37.52915
34621,59.94045,30.36681
34787,55.85497,37.47719
34971,59.96561,30.28689
35593,56.84920,60.59780
36021,55.75668,37.63412
36255,55.77667,37.58596
36550,59.93232,30.25119
37437,43.59234,39.72681
37821,55.82546,37.44679
38921,59.94195,30.27622
39617,59.89165,30.52209
39697,55.76204,37.59495
39716,48.69059,44.49631
40531,55.74636,37.68059
40569,55.82634,37.44576
42083,55.75242,37.65584
42130,61.26452,73.36354
42228,55.73689,37.64263
42374,55.65106,37.75731
43463,59.95694,30.22931
43662,56.75457,37.13578
44144,55.80623,37.63668
44234,55.74407,37.74001
44676,59.92655,30.34486
44736,59.93151,30.34616
45508,60.04750,30.27384
47256,55.75928,37.66269
47319,55.75961,37.64750
49023,59.99439,30.15382
49224,59.93670,30.32583
49313,55.78234,37.70459
49486,59.87931,30.34977
50389,60.00778,30.25934
51249,59.94433,30.36172
51694,59.89188,30.47590
52460,59.98917,30.25631
52649,55.84522,37.58444
53581,55.56908,37.58001
54368,54.51634,36.24549
55842,55.75917,37.65749
55900,55.91136,37.39700
55959,59.93947,30.36046
56161,56.31041,43.99950
56336,55.74469,37.56451
56466,56.48821,84.97905
56601,43.62725,39.71871
57227,55.70964,37.88506
57239,55.77708,37.58657
57298,59.92867,30.34601
57303,55.73170,37.63679
57540,60.00778,30.25789
58180,55.10899,36.58361
58325,59.86780,30.35090
58848,55.83665,37.57474
58979,55.74250,37.62827
59057,56.83806,60.63654
59257,44.74583,37.72874
60011,55.68074,37.28918
60219,55.70895,37.65718
60544,55.75562,37.40365
62296,52.51352,85.13532
63242,60.00450,30.29851
63248,59.92897,30.41218
63690,59.87131,30.31069
64461,44.21263,42.04335
65898,54.82085,38.05795
65960,57.58525,39.85840
66337,55.77478,37.58121
66880,54.72047,20.50384
67850,55.79065,37.53221
68389,60.05206,30.31156
68634,55.88783,37.66142
68635,59.96157,30.30511
68972,59.89807,30.50518
69065,60.07539,30.27373
70188,47.21973,39.71296
70275,55.61241,37.60429
70377,59.85952,30.18683
70827,55.82732,37.97333
71214,45.03891,38.97418
72047,59.93151,30.34526
72599,55.91996,37.70911
72651,54.98019,82.89755
73367,55.64130,37.52993
73382,56.73178,37.14997
73724,55.80607,49.20544
74394,57.15120,65.55412
74415,59.93582,30.32195
76514,55.81766,37.96694
76652,56.46411,84.95273
76740,56.47574,84.98097
77343,55.70394,37.62431
77483,60.04292,30.38532
78844,59.96148,30.32176
78938,55.66833,37.50789
79181,59.93389,30.34341
79429,58.58924,49.66133
79733,55.74090,37.56405
79855,59.92867,30.34616
80188,47.26346,39.72091
80221,55.73583,46.73556
81205,55.74378,37.56585
81472,59.88418,30.38690
81566,59.93464,30.33090
82040,55.89683,37.42545
82667,55.75669,37.65881
83516,54.23122,49.55625
85535,56.01863,92.79444
85567,55.74053,37.41764
85682,55.76177,37.64095
86880,55.75698,37.65881
86972,59.83163,30.34534
87116,55.87766,37.42353
87184,56.85070,60.59561
88274,59.99017,30.32379
88304,55.72851,37.64256
88616,55.80794,37.63785
88872,55.70794,37.62064
88915,59.88389,29.91058
88918,51.67316,39.19533
89511,55.75707,37.59839
90543,55.77221,37.48915
90601,53.48139,49.47701
90755,55.03613,82.97793
91241,55.67743,37.76380
91815,55.65554,37.54327
92441,56.81455,60.61508
93687,54.98607,73.31226
94145,55.75309,37.65364
94187,59.94442,30.32080
94241,55.54670,37.54455
94406,59.92793,30.34611
94431,55.72813,37.60759
94671,59.99059,30.20624
95220,59.93324,30.29983
95348,43.42764,39.92543
95406,59.91395,30.35469
96303,56.20197,95.70514
96576,59.85869,30.24794
97025,57.01078,40.97305
97187,55.76414,37.63504
97558,55.73582,37.61846
100837,54.71841,20.49438
100935,55.78340,37.59670
102044,55.71324,37.61417
102225,55.82325,37.49804
102589,59.92241,30.33395
102614,56.47483,84.97065
102670,56.82441,60.59538
102868,55.72488,37.62379
103034,50.54957,137.01775
104149,55.70011,37.76362
104582,60.01317,30.39600
104629,52.60151,39.57654
105292,56.33204,36.71288
105345,55.80795,37.46071
105544,59.78371,30.32730
106475,55.09556,38.77079
106748,55.70550,37.62077
107494,59.93129,30.35539
107773,59.85276,30.35516
107891,55.70803,37.62409
108199,59.92867,30.34411
108899,56.87885,53.22202
109346,60.01595,30.40000
109445,59.19195,39.83981
109587,60.02516,30.43252
109595,59.83978,30.39637
109932,43.58438,39.72028
110824,55.76627,37.60317
110903,55.78713,49.12233
111955,51.52749,46.05581
112162,55.75299,37.71621
112511,55.74196,37.59978
113573,55.67648,37.53441
114124,59.85235,30.32629
114643,56.80126,60.57219
115475,55.66053,37.55810
115624,54.71604,55.99269
115831,59.99987,30.29266
115843,55.05363,82.96172
115872,55.86375,37.54466
116957,55.82280,37.49772
117402,55.73342,37.62854
117794,55.74232,37.61103
118627,60.05355,30.31408
118815,55.77927,37.52281
119126,55.74671,37.58453
119281,55.82037,37.57895
119555,55.65764,37.48182
119808,56.49107,84.96990
120098,55.38819,36.75915
120435,55.79640,37.58483
121200,55.69127,37.54158
121921,55.71014,37.62232
122338,54.97174,73.40197
122821,59.92731,30.33571
123321,60.05213,30.33243
123671,55.72289,37.67937
123790,55.81086,37.47839
124295,57.17375,65.90282
124343,55.76442,37.84501
124346,59.81977,30.31702
124364,59.93600,30.37227
125345,59.85655,30.38148
126883,55.77775,37.46277
126958,59.93446,30.32635
126977,55.70576,37.57637
127180,55.75777,37.40886
127239,59.09271,37.91717
128390,59.92530,30.38508
129055,55.73767,37.63162
129294,55.77321,37.67881
129318,56.85716,53.20653
129322,59.96521,30.31487
129809,56.30079,38.13745
131368,55.74428,37.63218
132387,60.05730,30.31348
133375,55.73265,37.20918
134095,55.79599,37.58483
134172,55.74806,37.51488
134822,52.97483,36.06862
135327,43.12525,131.88711
135366,55.82220,49.09529
135632,45.01902,38.96361
136173,59.98939,30.20456
136225,59.76909,30.45875
136318,59.93710,30.31505
137214,59.98413,30.24465
137221,56.08686,63.62746
138050,60.07061,30.24163
138939,59.98577,30.41239
139704,55.74262,37.62827
140715,55.70941,37.62328
142261,55.74896,37.53836
142391,59.93745,30.32195
142678,55.65752,37.84600
143221,56.83020,60.56094
143315,51.53515,46.00984
143428,55.88066,37.45002
143750,55.68328,37.58049
144407,59.92343,30.28562
144862,59.89066,30.47439
145271,55.67422,37.54869
145904,55.65955,37.55674
146670,55.91136,37.39700
146788,55.77904,37.63323
147007,55.74626,37.56561
147321,56.31663,43.99555
147490,55.72965,37.41610
147503,55.78624,37.61761
147704,55.74466,52.39797
148301,60.06889,30.33236
148886,59.93593,30.34289
148919,55.74132,37.53815
149136,59.92665,30.37985
150539,59.94116,30.33015
150738,56.45618,85.00761
151295,59.92675,30.31849
152442,55.84754,37.35621
152805,55.81299,38.42648
154127,55.92411,38.00072
154432,56.34078,37.51723
154753,59.92463,30.29913
154756,59.92279,30.30854
155057,56.52265,38.48537
155224,55.70359,37.47333
155407,55.82154,37.38549
156289,53.17038,45.00892
156893,59.93786,30.28018
157355,55.75333,37.60878
158654,55.72989,37.57268
159563,55.64017,37.53117
159723,55.60843,37.72012
159728,55.74184,37.53861
159796,55.72282,37.59780
160095,56.13543,47.24586
160891,55.75754,37.54663
161172,52.75634,55.79401
161450,55.75682,37.60335
161570,55.98274,37.17409
161583,54.72178,20.50486
163487,55.90930,37.54072
164053,55.68674,37.67684
164097,55.74242,37.62427
164901,59.91186,30.44742
166190,59.95277,30.21681
166526,56.83497,60.59489
167180,55.88597,37.60835
167417,55.95594,38.05218
167512,54.64999,39.63701
167965,55.79042,37.68010
168194,55.75949,37.63721
168991,55.65629,37.57158
169318,59.85181,30.35079
169500,55.64162,37.52481
170117,60.05871,30.33676
170929,55.65600,37.59782
171170,54.72140,20.50759
171905,59.96334,30.31629
172069,47.23081,39.72399
172635,55.57505,37.57932
172652,55.64350,37.52834
173376,59.88884,30.48996
175065,55.66318,37.48473
175422,48.64142,44.43317
176252,56.30104,44.08064
176457,54.63214,39.69842
176916,55.82033,37.49225
177170,55.03099,82.92829
177720,55.74388,37.49793
178287,59.96086,30.30327
178486,55.72617,37.39949
179013,51.52817,46.02612
180407,55.41421,38.27475
182255,60.01449,30.38754
183084,56.83939,60.61004
183590,60.03652,30.34258
184154,55.63669,37.61901
184163,55.77514,37.58180
184911,59.97103,30.30767
185431,56.63537,47.92381
186731,55.80650,37.72010
186795,55.69857,37.56078
187421,55.75302,37.62006
187541,60.00766,30.25941
187772,64.57138,39.84148
187911,55.78038,37.63074
187998,54.63483,39.68842
188610,55.74378,37.56523
188657,55.89916,37.40940
188665,47.21767,38.91925
189382,59.92767,30.36034
189832,55.74250,37.65162
191253,55.78131,37.57619
191641,55.78567,49.11263
191999,55.79882,37.61320
192068,55.77800,37.58637
192143,55.74368,37.59393
192234,51.53524,46.02008
192579,55.79312,37.78613
193094,55.68028,37.49352
193680,55.41997,37.54798
193987,55.74378,37.56585
194325,55.81931,49.05568
195010,55.78730,37.72154
195173,59.93297,30.43822
195219,59.96659,30.31091
195986,55.74324,37.65819
196194,59.89970,30.31816
197623,59.94176,30.27622
197863,45.05131,39.00251
198438,43.62982,39.76737
198548,55.75476,37.61603
198549,59.98436,30.26053
199394,54.98151,82.89772
199463,55.79606,37.62155
200013,56.46018,84.95192
200137,56.79520,60.56927
200504,60.00827,30.24748
201812,55.15481,61.30130
202026,55.75779,37.63410
203121,61.77899,34.37125
203168,55.70900,37.62225
204638,61.25755,73.45694
204879,51.53035,46.02770
204892,59.86967,30.35108
205174,57.15749,65.55568
205458,56.85492,35.86651
205461,55.77105,37.66498
206568,55.15392,61.41357
206929,55.90982,37.54236
207241,56.81686,60.53787
207259,60.01195,30.39843
207417,60.10211,30.25627
208921,59.84894,30.14409
209293,56.81815,60.53822
210074,55.06248,82.92443
210264,59.94347,30.32370
211622,55.79836,49.25517
211989,55.78056,37.59966
213487,59.94254,30.29367
214570,53.51778,49.27264
215925,55.04372,82.92233
216160,55.66306,37.48286
216438,55.73192,37.44402
216649,55.84276,37.38461
216716,59.96226,30.29428
217485,55.70900,37.62183
218005,59.92518,30.35879
218809,55.72326,37.56148
219969,60.00611,30.26461
220333,60.02567,30.36793
220418,55.70888,37.59360
220498,64.54855,40.55166
220737,55.92935,37.85129
220888,59.92793,30.34411
221983,55.75026,37.54507
223028,55.77288,37.67881
223118,55.72335,37.66439
223222,59.56606,30.12340
223234,55.71018,37.44356
223642,55.04177,82.92433
224900,56.81686,60.53787
225071,55.79541,37.79508
226225,55.76587,37.58979
226355,56.04358,92.90022
226578,55.72430,37.39671
226729,59.93582,30.32141
226940,53.19438,45.06240
227046,56.80800,60.59862
227273,57.80652,28.26804
227412,55.81629,37.62154
227723,55.74793,37.66291
228426,55.00805,82.95525
229028,55.68329,37.61187
229290,55.08413,38.80090
229311,55.99090,37.25456
229651,58.58332,49.65968
230197,55.78944,37.68035
230414,59.85186,30.35057
230986,55.61944,37.50883
231320,59.93357,30.35925
233480,59.98756,30.35445
233557,53.20811,50.20136
233924,56.84857,60.59888
235414,55.95049,37.29862
235935,59.92793,30.34601
236600,55.78845,37.58467
236964,55.05076,82.91465
237514,55.78082,49.13277
238158,54.72829,20.48079
238330,62.02588,129.73437
238429,59.87518,30.35172
238460,55.69967,37.62441
238662,56.83290,60.60073
239032,59.92803,30.36034
240058,55.75867,37.59797
240083,56.30788,44.07341
241381,55.79112,37.80655
241422,55.85173,37.35091
241636,51.59858,46.00379
242212,55.72890,37.67755
242284,55.66434,37.62778
242352,55.81434,37.38588
242467,55.63299,37.21232
242836,54.74441,20.50168
243342,59.98807,30.29861
243345,55.04283,82.92303
244305,55.45171,37.76259
245017,55.70900,37.62183
245249,55.60562,37.48846
245702,55.69857,37.56354
245731,55.80998,37.64700
248528,54.74090,55.98547
249572,59.86843,30.31283
250027,59.98444,30.34547
250053,60.02293,30.29275
250124,57.14605,65.54145
250504,55.79387,37.71405
250564,55.03124,82.91353
251866,55.85434,37.47670
251929,55.79693,37.69659
252663,56.83438,60.63448
252708,55.77113,37.65046
252936,55.81085,37.40260
253753,54.70483,20.51717
253815,55.66183,37.90956
254024,54.99179,82.91016
255297,55.70865,37.50411
255684,60.00280,30.20768
256533,51.52983,46.02763
258650,55.02965,82.90284
259059,55.68620,37.62331
259361,59.99443,30.14723
261274,59.87124,30.38045
262049,55.75124,37.58432
262980,51.69721,39.27314
263081,59.95872,30.34981
263276,56.47250,84.98642
263399,59.93050,30.34486
264038,55.77708,37.58637
264171,57.67023,39.83887
265226,55.86526,37.66146
265327,55.74494,37.62983
265471,59.92291,30.33595
266359,56.51031,84.98451
267226,55.77117,37.63255
267382,55.83034,37.63264
267715,61.25983,73.37108
267761,55.02985,82.93766
267891,55.78852,37.75048
268141,60.70000,72.88709
268451,58.59083,49.68243
269968,55.92149,37.84390
270121,55.74129,37.54016
270506,56.02702,92.78011
271404,60.05248,30.31159
272256,55.70900,37.62209
272301,55.71787,37.41483
272772,53.36163,83.76438
273030,55.65979,37.74974
273365,55.78588,37.24181
273778,55.34999,86.06652
275119,55.02495,82.92139
275220,55.67896,37.56456
275517,59.92385,30.36828
275672,55.88698,37.65761
277081,59.92181,30.33092
278535,55.77017,37.65034
278705,59.98577,30.20261
279470,64.55291,40.55287
279652,57.11412,65.56695
280122,59.86305,30.32703
280975,59.38152,28.62065
281164,56.48871,84.94795
281607,59.89601,30.35750
281671,59.93641,30.36027
281852,55.74263,37.56741
284720,55.75733,37.61615
285522,59.97753,30.31792
285751,55.78873,37.58623
286190,59.93855,30.34712
287687,55.67696,37.28117
287737,55.65484,37.71088
287868,55.65821,37.55704
288417,61.11538,28.85990
288427,55.68822,37.60391
288663,55.80867,37.40733
289115,56.03966,92.91045
290699,56.85407,35.85401
290787,55.61914,37.50592
290897,55.71581,37.59350
292039,55.85235,38.44354
293163,55.77099,37.57021
294336,55.79629,37.58576
295101,56.58324,36.85343
295600,56.83939,60.60977
296783,60.27729,30.55380
296864,64.55489,39.84489
297616,59.93372,30.34100
298564,59.99427,30.25552
298968,55.56535,37.55603
300598,60.00449,30.23447
300974,55.79390,49.14951
301285,59.96086,30.30263
301355,55.64335,37.47301
301433,56.81226,60.60881
302681,55.81019,37.80743
303238,59.91443,30.47557
303424,55.67304,37.72274
303945,60.01260,30.29505
304001,59.92217,30.33584
304103,59.92530,30.38522
304295,56.83092,60.61838
304507,59.80841,30.32191
304709,51.58123,46.06953
305016,60.05261,30.31198
305720,55.80651,37.58153
305897,59.92078,30.35428
306047,55.80714,37.57943
306444,55.76133,37.61366
306555,59.85995,30.19660
306686,57.67026,39.83906
307078,59.98819,30.34107
307567,55.01926,82.93485
308742,55.61880,37.50728
309126,59.86445,30.47023
309567,54.98896,82.91435
309706,54.71849,20.50171
309742,59.84364,30.25475
309759,56.04274,92.92543
309791,55.93054,37.85150
310633,59.93150,30.36034
310708,58.57907,49.63554
311153,58.60343,49.68392
312693,59.93704,30.26110
313770,55.67542,37.50522
313810,55.80320,37.78801
314138,60.00699,30.21496
314547,55.79549,37.61755
314982,51.83086,55.11116
315194,53.19385,50.11411
315420,55.97886,92.84919
315829,56.98944,40.96933
315840,55.66022,37.67193
316248,55.65344,37.76679
316609,55.68172,37.65462
317167,60.05090,30.33243
317667,55.69588,37.66490
317707,59.91405,30.51752
318540,55.73145,37.63431
319031,56.83157,60.63529
321248,59.88119,30.31674
321894,54.71879,55.98948
321967,55.74122,37.61574
323187,59.99874,30.28460
323426,55.66333,37.48349
323919,55.68766,37.61553
324612,55.02929,82.91272
325482,55.75014,37.59117
325617,59.85730,30.32229
325626,55.72893,37.57182
325641,59.93594,30.32811
326134,55.73194,37.67317
326741,54.74135,20.47760
327273,55.66525,37.56336
327751,55.76853,37.62276
328656,55.76633,37.53075
329142,60.95230,76.59863
329465,60.04154,30.39121
329963,54.71839,20.50225
330075,54.71538,20.53060
330262,55.62222,37.61000
330770,59.83374,30.20381
330914,59.93573,30.35558
332773,55.86200,37.43551
333090,57.81289,28.28900
333203,59.93595,30.32779
333331,59.86667,30.46860
333792,55.54119,37.72317
334297,54.94773,82.89898
334403,52.51482,85.13452
334929,55.75377,37.61261
334940,55.72850,37.64721
335011,55.78212,37.71921
335674,55.67022,37.55269
335990,55.77458,37.59200
336160,56.11823,36.94215
336244,55.70875,37.65718
336558,55.69024,37.52992
339520,59.92028,30.33006
344220,55.71014,37.63283
344974,55.72278,37.42419
344989,59.85274,30.33997
348058,55.69594,37.66548
348882,59.93428,30.33954
349034,59.96658,30.30391
349065,55.78055,49.21314
349388,55.59501,37.59392
349419,55.64208,37.60556
349432,64.53432,40.52828
349579,56.89712,60.62517
349908,59.92885,30.36234
350998,55.75544,37.61433
351068,55.65990,37.88016
351687,60.00220,30.26638
351814,55.97091,37.31778
352092,60.17206,29.87119
354160,61.26063,73.40127
356098,59.95802,30.31702
356839,55.94216,37.33421
358505,55.75835,37.65881
358878,59.84832,30.46475
359395,55.76244,37.59869
359663,55.68117,37.53515
360161,55.69973,37.52233
360315,55.43212,65.31968
360674,64.55378,40.55242
361768,51.51762,45.95080
362193,55.80055,37.53047
363201,55.65454,37.84320
363755,55.78500,37.55879
363762,55.73995,37.62174
364363,55.88537,37.62248
365055,55.59756,37.03517
365440,55.85273,37.39022
365801,54.85782,83.11129
365880,58.37422,33.90318
366177,59.90715,30.48325
366273,60.00778,30.25917
366327,59.89639,30.35772
366332,59.96156,30.29159
366539,59.96659,30.31181
366561,60.01342,30.39710
366745,59.92311,30.33626
366786,59.93594,30.32779
366787,59.94512,30.35978
366845,59.93448,30.44083
367027,59.94869,30.23380
367065,59.83852,30.39695
367096,59.87909,30.31904
367178,59.86764,30.26079
367316,59.99990,30.36619
367367,59.84318,30.24842
367402,59.87955,30.26169
367474,59.83284,30.34874
367597,55.70831,37.65861
368394,59.84245,30.25242
369865,59.91730,30.31894
370055,55.74910,37.41678
370414,55.84456,37.43197
370905,43.12110,131.88167
371496,55.73155,37.63570
372794,59.95315,30.29032
373459,55.76096,37.61077
374102,55.85047,37.44209
374157,55.76301,37.60659
375033,59.95441,30.30668
375723,56.87383,37.35868
376391,59.85113,30.31531
378090,59.98729,30.36781
378225,56.63379,66.27608
378231,56.05090,92.90438
378249,54.30678,48.36008
378299,43.43164,39.92543
378546,55.74156,37.62824
378654,51.50366,45.95203
379878,55.61073,37.71954
381875,55.77708,37.58657
384156,54.70235,20.51248
384779,55.73447,37.64049
385870,55.80454,37.51834
386267,56.85697,60.55914
386698,56.78109,60.54934
386920,56.83022,60.56041
386929,57.13604,65.57241
386960,56.15261,49.66878
387214,57.15448,65.58327
387224,56.81635,60.58604
387468,56.78244,60.68073
387585,55.59544,37.60011
388203,59.98746,30.35474
389692,55.78056,37.59966
390880,56.82890,60.59935
391626,56.84505,60.62971
391661,55.80834,37.61536
392459,45.05578,38.97701
394233,56.32417,44.00387
395718,57.00588,40.98514
395896,45.06901,38.96357
396707,51.52579,46.03868
396847,60.05132,30.33643
397087,51.53045,46.03459
397728,55.74267,37.50302
399633,53.14366,50.18121
399859,55.78018,49.21427
400380,56.81383,35.88313
400410,57.11798,65.54713
401059,46.94977,142.73149
401417,55.75242,37.65383
401775,55.11978,36.60260
402034,55.99715,37.22737
402041,55.70896,37.74560
402057,55.60562,37.48846
402082,59.89165,30.52209
402093,59.98745,30.35262
402126,60.05666,30.30969
402136,59.89165,30.52209
402151,47.29015,39.84734
402163,55.81784,37.31145
402168,45.01429,38.92995
402175,55.77499,37.58324
402181,56.80293,60.64846
402261,55.78438,37.59670
402272,59.89165,30.51108
402281,59.89165,30.52209
402312,47.25426,39.64284
402466,55.64806,37.61736
402482,55.84635,37.66174
402514,54.96469,82.93831
402549,56.82360,60.50380
402556,55.84733,37.36021
402568,53.32591,50.30580
402580,55.84724,37.34927
402621,55.74585,37.77640
402637,55.82108,37.38777
402704,55.80760,37.44974
402719,54.96476,82.93614
402767,55.60562,37.48846
402789,55.91282,37.58682
402826,59.93063,30.35525
402863,59.85869,30.24794
402870,55.91136,37.39700
402899,55.76183,37.56935
402921,59.92707,30.32038
402925,55.84290,37.48803
402936,55.61241,37.60579
402942,55.80727,37.79984
402970,60.00778,30.25912
402976,55.77002,37.62206
402990,55.69149,37.52950
402998,55.81720,49.13158
403011,55.60874,38.07727
403033,60.01292,30.39976
403052,59.92760,30.36178
403068,55.74357,37.62983
403101,55.74565,37.67873
403107,55.78820,37.61817
403112,54.97303,73.28497
403129,55.87536,37.62056
403133,55.69024,37.52950
403140,55.69486,37.66290
403203,55.67493,37.50459
403209,55.65429,37.84621
403213,55.74378,37.56585
403250,59.93216,30.35879
403281,55.68967,37.58229
403295,56.84079,60.61209
403307,55.74565,37.79894
403326,59.84878,30.14484
403328,48.63779,44.43406
403331,55.59227,37.63349
403343,55.63798,37.66319
403351,55.78631,37.63518
403371,55.74536,37.86071
403384,56.88516,60.64165
403400,55.86658,37.67505
403421,55.74896,37.53752
403427,55.60474,37.28670
403432,59.93394,30.43822
403482,55.78917,37.75051
403486,53.34974,83.63242
403497,55.64315,37.74184
403504,61.77899,34.37125
403518,55.68653,37.43163
403553,56.82413,60.50524
403600,60.00778,30.25941
403636,59.87127,30.34170
403643,55.77788,37.52622
403646,55.87661,37.44925
403665,55.75558,37.65441
403666,55.79576,49.24740
403679,55.79609,37.57610
403682,56.78167,60.54152
403683,55.76959,37.58292
403760,55.74150,37.65730
403919,56.85278,60.62816
403923,55.76181,37.78587
404316,55.84328,37.66576
404632,59.93202,30.35525
404654,55.13826,61.44114
404681,55.78076,49.21598
404734,55.74707,37.70662
404905,55.73636,37.66616
405286,56.05028,92.90238
405329,59.92803,30.36034
405360,55.73877,37.65437
405455,55.74535,37.65635
405493,59.89788,30.50492
405524,55.69588,37.66563
405661,55.63764,37.66086
405778,60.00744,30.29745
405874,55.73659,37.64243
405912,55.19211,61.33222
406211,60.01322,30.38754
406225,55.69701,37.74904
406249,55.03050,82.92319
406726,59.82646,30.38162
406822,55.74469,37.56561
406847,55.81105,37.83804
407083,53.23815,50.29707
407144,55.78138,37.47248
407243,55.74378,37.56536
407343,57.11909,65.55776
407365,55.74250,37.60079
407387,55.84910,37.34466
407407,55.79364,37.80136
407419,55.76173,37.62130
407432,55.91136,37.39700
407444,55.72948,37.73162
407445,55.66269,37.50931
407462,47.29001,39.84810
407472,55.68570,37.58315
407475,55.61163,37.71841
407485,59.92530,30.38516
407486,55.74740,37.53708
407489,55.75719,37.65919
407495,56.03631,92.94066
407502,56.17614,40.45970
407503,55.72229,37.57527
407504,55.64391,37.52580
407511,61.26764,73.38599
407515,55.77595,37.55385
407516,54.37611,48.57634
407533,55.88743,37.66142
407536,56.82791,60.66933
407552,59.92750,30.36178
407571,55.77679,37.65493
407576,55.65534,37.90590
407579,55.82489,37.49604
407588,55.76216,37.84519
407615,56.83549,60.58241
407625,55.79916,49.17751
407638,55.71336,37.61356
407644,59.93070,30.34555
407671,55.75826,37.63410
407672,55.77107,37.67678
407673,55.77094,37.67966
407686,55.74495,37.60150
407689,59.93824,30.34712
407692,51.66686,39.19119
407706,43.42696,39.92693
407749,55.60387,37.48623
407750,55.76201,37.68419
407761,55.74490,37.56537
407771,55.73096,37.63538
407781,55.86396,37.54623
407808,55.76348,37.84206
407812,57.64049,39.88590
407825,55.67492,37.46541
407833,55.75474,37.55702
407845,59.92788,30.35906
407861,55.73511,37.67016
407864,55.78143,37.70602
407873,55.73912,37.41176
407877,55.84868,37.44077
407880,55.75171,37.59397
407890,60.00688,30.25941
407898,55.77970,37.60074
407915,55.80935,37.46304
407945,54.63251,39.77410
407950,55.81221,37.79899
407951,55.75522,37.55504
407958,55.72903,37.61150
407971,55.74440,37.50922
407995,55.69021,37.60029
408007,59.93359,30.43822
408013,55.68307,37.54981
408019,55.80062,37.53058
408049,55.78515,37.66468
408051,59.99428,30.14810
408052,59.83748,30.17665
408068,55.82339,37.49772
408080,55.72712,37.68031
408082,55.73694,37.51428
408092,55.86074,37.44498
408114,59.93840,30.23060
408140,55.85490,37.47707
408142,55.73129,37.64524
408158,55.75462,37.62111
408163,55.84384,37.44663
408173,55.67494,37.52617
408179,55.56865,38.23236
408186,55.82720,37.57930
408188,55.75115,37.59438
408189,54.63543,39.68743
408223,55.74817,37.58736
408226,55.91733,39.16920
408232,54.18902,45.18317
408254,54.71778,20.50184
408256,55.83411,37.66680
408258,45.04888,41.91337
408275,59.79798,30.26886
408276,59.90864,30.49794
408280,55.79882,37.61285
408286,55.98187,37.17538
408290,55.75674,37.65919
408303,55.76363,37.56386
408319,50.63882,36.57078
408320,55.70269,37.63878
408342,55.84981,37.44827
408343,44.05555,43.06589
408345,59.90829,30.48149
408351,55.44596,37.61766
408353,55.61266,37.73121
408361,54.51342,36.25413
408370,56.63683,47.87843
408392,55.73522,37.61824
408393,55.74368,37.56530
408401,55.72865,37.62379
408409,56.79132,60.51266
408427,55.68718,37.46518
408434,55.71687,37.40932
408445,55.86371,49.22182
408453,53.19158,50.18829
408470,55.62889,37.59954
408471,55.79234,37.52841
408496,55.79570,37.61241
408506,55.78268,37.72135
408511,55.76484,37.60793
408518,55.72186,37.60924
408538,57.76287,40.95218
408541,55.74707,37.70645
408542,55.77041,37.63229
408548,55.88002,37.44985
408552,55.64851,37.74392
408563,55.85085,37.63893
408571,60.09217,30.38018
408579,59.91689,30.30910
408591,45.05647,39.14765
408597,59.92723,30.35864
408601,55.86453,37.54786
408604,55.82478,49.13356
408630,56.11590,40.34486
408634,55.79436,37.49230
408641,59.91863,30.33889
408655,55.17748,61.45718
408657,53.54115,49.39026
408660,60.00249,30.27278
408665,59.98746,30.35444
408673,55.65402,37.64686
408699,55.77696,37.70652
408702,55.77321,37.67966
408708,55.78017,49.21149
408736,55.66346,37.48079
408739,57.62576,39.86912
408744,55.65321,37.54199
408747,55.74071,37.61655
408789,55.80125,37.79162
408800,55.80597,37.58153
408807,56.81313,35.90972
408845,59.98773,30.30101
408851,55.84613,37.66174
408857,55.69452,37.53245
408861,55.70846,37.66241
408895,55.75544,37.61433
408899,59.81997,30.31747
408910,55.72884,37.62379
408918,55.72970,37.63631
408924,55.80189,37.30012
408930,55.67334,37.76708
408968,55.63263,37.21200
408970,55.89697,37.58759
408988,59.84853,30.32176
409018,55.79498,37.71202
409023,55.77168,37.59461
409028,55.80487,37.56922
409071,55.77065,37.42121
409076,55.73066,36.85613
409079,55.85488,37.47680
409082,55.66785,37.65857
409099,59.83245,30.50502
409104,55.79083,37.53108
409105,59.83373,30.34874
409121,55.76289,37.56397
409138,55.54763,37.54308
409146,55.74119,37.82672
409160,55.77553,37.47912
409166,59.84920,30.14435
409170,55.76146,37.63331
409175,55.77951,37.61193
409181,55.80665,37.57320
409188,51.73470,36.19248
409217,55.82339,37.49815
409228,55.85228,37.44291
409230,59.93050,30.34486
409241,55.74712,37.68642
409266,59.85665,30.38177
409268,55.74805,37.58453
409275,59.99573,30.24915
409287,55.81057,37.83136
409303,55.89809,37.63020
409342,55.74187,37.60115
409346,56.83356,60.62857
409364,60.00588,30.29950
409369,55.80381,37.75586
409373,47.23165,39.71470
409381,48.72409,44.52668
409401,54.31872,48.38743
409419,55.72308,37.61008
409421,54.77065,56.06074
409423,59.95217,30.29036
409425,55.77800,37.58637
409450,48.79986,44.59547
409456,55.65778,37.74635
409463,55.73584,37.62546
409479,55.82616,49.15214
409486,59.93570,30.32195
409504,59.95139,30.29698
409537,55.77451,37.58110
409569,57.58569,39.85569
409574,55.96800,37.42179
409604,55.73992,37.60083
409614,55.16637,61.40197
409624,55.67582,37.50497
409628,59.87335,30.30669
409631,59.96111,30.30733
409637,55.77708,37.58792
409652,55.76468,37.60460
409660,55.79419,37.59224
409663,55.71400,37.63621
409671,55.81701,37.36325
409674,56.03124,35.95868
409694,60.09156,30.38259
409706,58.60565,49.66766
409711,55.72743,37.58151
409714,55.63748,37.59893
409727,55.77107,37.67894
409752,55.74770,37.68140
409753,55.77181,37.60349
409758,55.75302,37.62006
409765,59.79974,30.27072
409766,45.01115,39.12370
409782,55.70900,37.62215
409795,55.74372,37.56553
409802,55.85576,37.47732
409806,55.91291,37.58455
409822,59.91449,30.31970
409826,55.89211,37.72644
409844,43.60607,39.73226
409845,55.75333,37.60513
409859,55.96202,37.40510
409883,55.82226,49.13271
409885,55.79238,37.60616
409897,54.19136,37.61833
409898,56.23751,43.46256
409902,53.17753,45.01347
409912,57.62757,39.87124
409938,55.75104,37.59856
409947,55.75377,37.61261
409959,45.01429,38.95822
409982,53.19872,45.01517
409986,55.75676,37.60408
409992,55.74896,37.53836
410007,59.84265,30.31953
410008,55.84509,38.66208
410044,60.03884,30.32347
410052,55.76120,37.59670
410059,55.76665,37.59637
410063,45.03481,39.05119
410071,59.93166,30.34737
410085,55.81456,37.38684
410090,55.85252,37.68117
410093,55.74135,37.65730
410108,55.68755,37.41491
410127,55.72255,37.67425
410149,55.66049,37.57766
410151,55.72208,37.63734
410159,53.36655,58.97606
410166,55.74740,37.53836
410174,55.81180,37.59215
410176,56.85312,60.55044
410182,60.00304,30.22738
410192,55.74896,37.53752
410199,55.85881,37.39567
410208,55.82303,37.58866
410236,55.77937,49.23018
410237,55.89098,37.74383
410249,55.76246,37.56423
410262,55.75104,37.59942
410270,55.85378,37.35485
410289,59.92577,30.31211
410301,55.75673,37.65881
410313,56.32104,43.94694
410320,55.74853,37.53742
410322,55.73866,37.86763
410331,55.74137,37.86126
410334,55.79609,37.57610
410346,54.71849,20.49842
410370,56.23489,43.95173
410400,55.69620,37.66505
410411,55.74854,37.53897
410417,55.67573,37.50591
410435,55.75558,37.56664
410441,59.95300,30.47928
410445,59.84599,30.14749
410446,55.60634,37.53614
410474,55.65409,37.84523
410475,55.61824,37.50290
410476,55.72166,37.63783
410494,55.76447,49.17608
410495,55.93354,37.84268
410496,55.01358,82.95365
410501,54.93526,37.45041
410505,52.75153,41.41220
410516,56.22570,44.07224
410518,59.92788,30.36116
410525,59.71872,30.41026
410531,55.82105,37.50748
410538,55.74707,37.70680
410544,59.85208,30.35110
410565,54.90405,52.30531
410591,59.88297,30.36969
410600,60.09270,30.37912
410604,55.77580,37.53201
410609,55.83135,37.49352
410694,59.93184,30.25915
410697,47.25972,39.72094
410712,55.82739,49.13535
410716,59.93908,30.22944
410728,55.65835,37.84633
410729,54.89350,38.08112
410739,54.83862,83.09692
410743,55.84457,37.67015
410752,53.08456,48.40466
410755,55.99534,37.86741
410776,55.82182,49.14855
410782,59.93710,30.31470
410784,47.70945,40.21756
410798,55.85632,37.65292
410812,55.61547,37.61647
410816,59.90798,30.30644
410835,47.22011,39.70872
410856,59.93637,30.33675
410862,55.70687,37.59360
410871,55.77844,37.18645
410876,54.98468,73.31415
410894,56.23978,43.86507
410902,56.98125,40.97956
410909,59.90587,30.31904
410915,55.74580,37.62627
410925,55.76256,37.59556
410935,58.55163,31.26756
410937,54.36949,48.58767
410948,55.93746,37.51938
410950,55.66025,37.75801
410958,55.66493,37.51773
410988,55.67750,37.28149
411000,55.76612,37.38129
411005,60.03427,30.41921
411008,55.74896,37.53836
411017,59.93359,30.43874
411020,55.66306,37.48066
411051,55.57021,37.57874
411056,47.19964,39.65595
411074,55.77308,37.58513
411083,55.75105,37.81952
411084,60.03585,30.31982
411086,47.22012,39.70872
411094,55.67019,37.87040
411101,55.82297,37.82263
411102,55.88066,37.45002
411107,56.78494,60.65080
411113,55.78515,37.66455
411115,55.77439,37.65510
411135,59.84238,30.26091
411145,46.36057,48.05594
411147,55.75528,37.61281
411162,55.77243,37.57994
411166,55.75953,38.43499
411191,55.74378,37.56509
411192,55.75844,37.66081
411195,55.74313,37.57799
411198,55.67929,37.56568
411200,55.76156,37.62283
411208,55.80826,37.51271
411234,55.53921,37.54347
411236,61.65473,50.83899
411240,55.77220,37.59275
411248,60.03387,30.36714
411260,55.85027,37.44798
411268,55.77478,37.58180
411283,55.67521,37.50534
411286,55.91639,37.75892
411296,55.61910,37.50892
411320,55.74879,37.53836
411321,68.91111,33.09033
411329,55.75779,37.63410
411377,59.82780,30.38162
411379,55.79468,37.59153
411385,55.76951,38.43463
411394,55.04346,82.92205
411408,55.80714,37.58092
411433,59.96226,30.30645
411440,55.82913,49.11814
411452,55.61634,37.53183
411461,55.64029,37.60434
411463,55.77231,37.57994
411514,55.67769,37.66442
411519,55.83737,37.57495
411555,59.82303,30.32226
411564,55.73393,37.64419
411571,52.58571,39.53586
411574,55.75130,37.88648
411581,60.00778,30.25941
411603,55.68050,37.52426
411612,56.10938,47.47397
411617,55.82235,37.60605
411628,55.77148,37.59153
411630,55.67922,37.56120
411634,55.67953,37.66442
411641,55.77591,37.58343
411646,55.70739,37.38585
411671,51.53333,46.02332
411674,59.95774,30.35444
411681,55.76267,37.59670
411684,64.53321,40.53025
411694,55.85467,37.47608
411704,55.74831,37.71829
411713,55.74303,37.62912
411724,55.75014,37.59228
411731,55.74629,37.66790
411737,55.80874,37.58026
411746,59.85246,30.35087
411754,55.73767,37.63162
411760,55.74453,37.85064
411766,56.83550,60.60077
411787,59.91214,30.44627
411788,55.78038,37.60070
411804,59.89573,30.49323
411806,60.94568,76.59457
411811,55.78759,37.58759
411826,55.61114,37.71703
411833,55.79892,37.48325
411836,59.79974,30.40069
411838,55.74704,37.59718
411845,55.74401,37.54834
411882,55.77808,49.14610
411891,60.04577,30.36555
411898,43.91680,39.32012
411905,55.78885,37.66619
411913,59.92872,30.34493
411917,48.77417,44.80181
411921,55.75049,37.78316
411930,55.58138,37.91236
411957,55.79958,37.49640
411958,55.66429,37.51084
411980,56.00804,37.44096
411984,59.92707,30.31937
411991,55.41414,38.27398
411993,55.75510,37.60495
412003,55.83950,37.50930
412005,55.69379,37.62053
412006,59.91244,30.44626
412008,57.65432,39.94255
412011,56.85677,35.91125
412012,47.24949,39.70590
412028,55.74112,37.41573
412036,43.60502,39.73244
412061,55.75730,37.60717
412063,55.77391,37.54666
412081,56.84144,60.60775
412086,59.98989,30.25577
412093,59.90077,30.27313
412095,55.67186,37.73962
412100,55.81556,37.65752
412101,56.85636,60.60614
412128,55.81910,37.57855
412130,55.75568,37.55569
412136,55.77629,37.70663
412141,60.01195,30.39843
412149,55.65825,37.84600
412156,59.89263,30.48920
412157,55.71046,37.47350
412173,55.77170,37.62090
412176,47.22205,39.71752
412181,60.03845,30.40923
412185,56.82794,60.56113
412189,55.84774,49.08402
412214,55.72759,37.58019
412216,55.74437,37.42870
412233,45.04151,38.97642
412236,59.91599,30.34830
412244,55.83603,37.53142
412245,55.78013,49.21212
412247,55.15277,61.41313
412248,55.70112,37.50479
412268,55.94046,37.50864
412275,55.65868,37.53068
412279,60.01699,30.24763
412291,56.31457,43.99183
412294,55.81842,37.57154
412301,59.79967,30.27286
412352,55.85463,37.47695
412357,55.88456,37.60417
412373,55.75385,37.63659
412381,53.19135,50.18985
412394,55.73148,37.60578
412403,55.75523,37.84330
412411,55.73981,37.60979
412416,55.91281,37.57097
412417,55.84660,37.35909
412454,55.71577,37.81586
412455,55.76428,37.60562
412456,59.80679,30.16350
412461,59.92833,30.34997
412462,55.73431,37.59118
412475,55.67687,37.54662
412476,56.33230,36.71254
412484,55.74530,37.63676
412494,55.74378,37.56585
412503,55.67643,37.50519
412517,53.20224,44.99803
412543,55.75658,37.63430
412547,55.78892,37.61209
412548,55.67418,37.50949
412549,55.74378,37.56727
412555,55.82098,37.38666
412567,55.83389,49.13367
412582,55.70179,37.75048
412586,55.61880,37.50237
412594,55.75669,37.65881
412607,55.70900,37.62183
412621,55.79683,37.57677
412625,55.96376,37.40484
412638,55.76157,37.62398
412641,54.82229,56.08605
412661,55.77050,37.63608
412690,55.74828,37.53897
412714,58.59926,49.61176
412737,55.72131,37.63558
412741,55.72866,37.61146
412742,55.70383,37.45910
412748,55.18822,61.33337
412750,55.61156,37.60606
412752,55.92119,37.84420
412761,55.67652,37.50426
412765,55.65539,37.74429
412792,55.68320,37.29462
412793,55.88413,37.38971
412802,55.85167,37.67644
412806,55.91281,37.57063
412810,55.77319,37.58913
414159,59.94817,30.23498
414167,55.75163,37.57723
414217,55.64017,37.52885
414221,56.31360,44.02842
414249,55.75862,37.62385
414256,55.70900,37.62183
414360,59.90883,30.48245
414367,55.61413,37.60618
414415,55.76484,37.60562
414435,55.90898,37.99208
414459,59.93380,30.26627
414500,59.92867,30.34493
414551,55.74807,37.53836
414620,55.79891,37.54279
414627,55.69829,37.49787
414642,55.88797,37.65049
414675,55.79431,49.12503
414678,54.84141,83.09316
414812,54.98750,73.31500
414824,55.77517,37.60912
414869,55.73511,37.60377
414876,48.74431,44.51969
414877,55.72097,37.68702
414899,55.88904,37.43393
414907,55.66317,37.47192
414922,50.59737,36.58011
414938,55.77144,37.62090
414969,55.75946,37.61030
414970,56.85357,60.55090
415020,55.65482,37.84498
415117,53.20341,50.14050
415165,56.79590,60.58090
415212,58.58867,49.65776
415214,55.75337,52.43722
415234,59.99030,30.25976
415274,55.60059,37.04399
415297,55.75696,37.60981
415302,55.08471,38.80548
415336,59.99660,30.29244
415423,55.74357,37.62853
415463,55.66235,37.48522
415472,55.79959,37.48302
415523,55.69883,37.52928
415560,53.01574,36.15907
415610,51.64461,39.13993
415652,59.90624,30.31749
415683,59.84917,30.14460
415734,55.15470,61.41164
415740,55.81295,37.65074
415768,55.93323,37.49568
415827,55.78712,49.17069
415837,48.47443,135.07245
415854,56.83054,60.61838
415882,59.81902,30.31768
415919,55.79075,37.52959
415945,55.04431,82.95390
415971,55.82629,49.13535
415974,55.75264,37.60385
416092,55.74707,37.70662
416108,55.92015,37.81107
416166,55.96108,37.41211
416271,55.82280,37.49874
416274,47.25413,39.70344
416282,55.82931,49.11769
416294,55.75158,37.62651
416391,54.70923,20.50623
416394,55.65651,37.53686
416440,55.77042,37.40718
416454,55.88525,37.60646
416472,59.94661,30.34253
416487,55.64786,37.59593
416495,44.72558,37.76417
416539,55.42023,37.54752
416597,55.72850,37.64468
416617,59.84332,30.24724
416623,55.76864,37.59946
416637,55.15824,61.38576
416695,55.76939,37.58287
416710,59.92638,30.36264
416726,55.79436,37.59297
416748,55.62260,37.60585
416749,55.67524,37.75804
416825,59.93956,30.32460
416867,55.77002,37.62206
416892,60.05178,30.33979
416977,60.00196,30.30154
417006,51.70613,39.14915
417008,55.82280,37.49849
417031,55.78843,49.12233
417048,59.86288,30.33144
417069,53.38180,58.97523
417077,55.74378,37.56585
417115,56.82228,60.60432
417153,55.84007,37.49115
417154,55.74740,37.53708
417180,55.78815,49.10123
417212,59.87704,30.35822
417220,55.66958,37.56568
417262,54.63016,39.73973
417269,45.03891,38.97418
417279,55.80407,37.57050
417296,53.22410,44.87990
417306,55.71084,37.43104
417337,55.91136,37.39700
417352,43.60505,39.73243
417385,59.98746,30.35474
417391,55.96350,37.40632
417406,54.97140,73.39448
417408,55.60103,37.28076
417422,55.76212,37.57470
417427,59.89140,30.40471
417439,55.71301,37.60617
417447,51.81117,55.09153
417454,55.79282,49.10974
417456,55.78056,37.59966
417474,55.68814,37.60391
417485,55.78226,37.71882
417492,55.91136,37.39700
417496,54.72559,20.47253
417549,55.74722,37.65453
417557,55.60653,37.28742
417595,55.68987,37.54723
417604,57.62760,39.89551
417613,56.81620,60.58629
417615,55.66377,37.51058
417659,55.79754,37.72265
417692,53.22537,50.16669
417718,55.76610,37.38175
417733,55.89012,37.59067
417743,59.86989,30.31069
417772,55.75958,37.64968
417796,59.92638,30.31906
417806,55.82280,37.49772
417813,55.82867,49.11851
417835,55.54809,37.54455
417903,55.88761,37.66010
417904,45.01289,38.92990
417962,55.76160,37.56687
417976,50.63361,36.57213
418030,55.76178,37.62420
418128,55.91794,37.39671
418155,59.93033,30.43118
418201,55.72105,37.46452
418232,55.65962,37.74952
418265,55.85019,37.53584
418353,55.74163,37.61038
418373,54.62084,39.71107
418423,55.82869,49.11855
418532,55.91136,37.39700
418561,47.22516,39.72949
418584,55.71544,37.60910
418607,55.75302,37.62239
418665,55.92021,37.70854
418728,55.72237,37.82407
418786,55.65392,37.62043
418882,55.89945,37.41039
418903,60.05787,30.32714
418912,55.79747,37.55866
418942,55.68380,37.53988
418947,59.95725,30.31358
418958,55.61114,37.72007
419006,55.74698,37.60763
419035,55.79070,37.53371
419038,54.71722,20.49935
419045,55.74494,37.62818
419076,56.30994,43.67556
419126,59.84866,30.32099
419141,43.39347,39.98667
419200,59.85818,30.19643
419301,54.96415,82.93748
419331,55.73084,37.63279
419349,55.02987,82.91826
419365,55.76246,37.56423
419392,55.79361,37.49230
419397,55.69049,37.86358
419440,55.79072,37.53136
419464,53.20006,50.17523
419470,55.75579,37.56102
419535,51.78950,39.20558
419570,55.79304,49.12460
419583,55.98274,37.17458
419636,55.80434,37.61847
419679,60.00714,30.24659
419696,55.81397,37.73362
419782,55.78734,49.11847
419786,55.03726,82.90802
419824,55.63715,37.65605
419829,51.71780,39.17763
419896,54.72785,55.96881
419934,59.80017,30.26445
419956,59.84281,30.31410
420001,55.84758,37.38215
420019,59.98130,30.21019
420020,48.70575,44.48967
420033,55.54585,37.54455
420041,55.77302,37.60825
420083,55.77048,37.62026
420162,55.73051,37.64545
420197,51.67135,39.20173
420215,55.80046,37.59302
420229,45.02643,38.97658
420230,55.66372,37.51087
420237,55.70553,37.76996
420252,56.84126,60.64561
420286,55.03201,82.92302
420297,46.34029,48.02304
420298,55.85582,37.47728
420319,55.76096,37.64519
420384,55.85252,37.68106
420421,55.65912,37.75509
420445,59.96042,30.31184
420448,59.87308,30.35191
420867,55.68807,37.62231
420905,56.13529,47.24129
420926,55.74156,37.62824
421000,55.81108,37.39842
421156,55.67584,37.50600
421238,61.77112,34.32500
421239,55.74707,37.70643
421287,55.54591,37.54125
421383,55.74378,37.56547
421387,55.85771,37.39040
421402,55.75972,37.60630
421412,51.60762,45.97433
421530,55.82421,37.53194
421585,55.93716,37.84191
421622,55.77008,37.67008
421789,55.69185,37.48974
421844,55.81162,37.79782
421894,55.74462,37.61962
421938,55.74156,37.62827
422048,55.83178,37.63048
422054,55.80411,37.48974
422355,55.84578,37.66060
422362,55.82489,37.49639
422475,55.74740,37.69133
422664,55.75862,52.00714
422780,55.67537,37.46977
422782,55.76385,37.63451
422799,58.01217,56.23557
422819,55.74118,37.65371
422823,55.73922,37.61641
422853,55.79501,37.61914
422868,55.78446,37.62448
423107,55.67202,37.66405
423142,55.74992,37.57240
423171,55.76814,37.59917
423188,55.78028,37.51590
423208,55.68118,37.62503
423247,55.86996,37.66472
423280,59.93308,30.29096
423282,44.70001,37.78366
423316,55.77443,37.61451
423345,55.84224,37.49002
423351,55.83029,37.59228
423418,55.85006,37.43088
423431,55.72792,37.66907
423588,55.70781,37.65704
423711,55.77492,37.58180
423713,55.77159,37.63835
423732,55.83574,37.45275
423899,55.92149,37.84452
423937,56.30823,44.00256
424071,55.85523,37.65292
424090,55.68213,37.70288
424104,55.68140,37.76083
424159,55.79467,37.49158
424174,55.68694,37.61707
424205,55.90423,37.41544
424212,55.72764,37.58440
424252,55.74378,37.56585
424288,55.80398,37.47188
424388,55.76484,37.60768
424479,55.72813,37.58016
424524,55.80795,37.46270
424617,55.81807,37.49728
424648,55.67252,37.51486
424746,55.75250,37.71659
424792,55.75389,37.85755
424812,55.91089,37.53872
424822,55.75677,37.61661
424859,55.73922,37.61529
424884,55.70747,37.57631
424927,55.74822,37.66272
424936,55.66804,37.59162
424973,55.67896,37.56447
425027,60.00584,30.43196
425081,55.86279,37.69674
425086,55.65331,37.64632
425198,55.80942,37.46330
425248,55.77170,37.62206
425254,45.09831,38.97660
425329,45.01370,39.05062
425399,55.61073,37.72011
425435,55.65770,37.84600
425550,55.79743,37.61648
425569,60.01428,30.39831
425596,55.74634,37.49622
425630,55.72646,37.59959
425761,56.00904,37.85082
425914,59.90734,30.47565
425915,55.80937,37.46260
426073,55.71812,37.40466
426167,55.73041,37.77190
426188,55.76592,37.38244
426191,55.75777,37.40733
426202,45.01187,39.12142
426222,55.75767,37.78212
426262,55.67606,37.53641
426287,55.73925,37.54921
426345,55.74896,37.53752
426370,55.78288,37.71946
426418,55.79108,37.80286
426469,51.74807,36.19279
426471,55.78289,37.71981
426508,55.66154,35.61324
426649,55.75171,37.59438
426712,55.72135,37.60057
426795,55.10110,61.61544
426875,55.77293,37.60006
426907,55.83206,37.41195
427037,55.65844,37.84600
427081,55.68125,37.86388
427130,55.68966,37.47229
427332,55.79470,37.57873
427384,56.29129,43.98291
427529,55.72567,37.65499
427649,55.91639,37.75932
427711,55.60041,37.59988
427762,59.86412,30.47225
428007,55.79175,37.48870
428218,55.79452,37.58576
428254,53.22794,50.27158
428329,55.81259,37.83383
428412,56.29614,44.07694
428675,54.93080,37.43219
429084,56.83534,60.61509
429180,55.72370,52.37721
429326,59.95354,30.29321
429359,55.74741,37.75510
429440,55.74378,37.56509
429694,55.77170,37.62090
429770,59.93061,30.37231
429812,55.69588,37.66490
429941,55.75806,37.64001
430134,55.84137,37.18356
430347,55.78126,49.11605
431935,55.79059,37.52959
432044,55.75108,37.58561
432229,43.51422,39.85575
432315,58.59083,49.68096
432397,55.80197,37.58285
432460,55.76114,37.57016
432477,55.65267,37.59554
432644,45.02840,38.99054
432665,51.52830,46.01372
432802,47.21965,38.92003
432804,55.75290,49.24572
433266,55.83281,49.10216
433299,55.72521,37.64332
433533,59.93538,30.30840
433598,59.88072,30.26917
433619,57.00769,40.97225
433701,56.12502,47.25112
433743,55.61223,37.61238
433761,55.78154,49.10857
433868,54.72095,20.50570
433938,56.89102,60.57380
434158,55.04606,82.92948
434393,55.75228,38.00637
434416,55.51747,37.34444
434465,55.04042,82.92931
434484,55.80434,37.61809
434570,55.68814,37.60399
434694,55.78145,49.11359
434711,55.67967,37.68230
435310,59.79841,30.26886
435435,55.67977,37.51458
435655,51.52351,46.03104
435859,55.79652,37.72634
435985,51.53825,46.00126
436582,55.74898,37.62232
436698,55.82081,37.64619
436767,55.63144,51.81522
437167,55.70324,37.51146
437182,55.91859,37.75968
437317,54.83937,83.09505
437567,55.75658,37.63340
437645,55.78430,37.71517
437699,55.77048,37.62090
438481,55.76942,37.59605
438569,55.79759,37.79910
439559,56.32661,44.01212
439673,55.72629,37.57926
440008,55.79419,37.59191
440348,55.74003,37.65437
440687,55.83424,37.34706
442931,55.87032,37.66186
442940,58.58088,49.65433
443005,55.76915,37.62206
443396,45.10811,41.96885
443511,55.82604,49.14886
443530,55.81884,49.11708
443626,55.75759,37.65881
443799,55.73208,37.61317
443903,57.92895,59.96394
444092,55.87009,37.46922
444217,55.72361,37.59246
444462,55.73238,37.62020
444825,55.77908,37.62848
445240,55.62005,37.45530
445409,55.84638,37.45398
445978,55.86257,37.46273
447392,55.70687,37.59275
447600,55.54744,37.54325
447610,55.61413,37.60829
447636,55.77885,49.12757
447864,55.66271,37.53403
448170,55.53540,37.52481
448630,59.93602,30.32779
448868,55.79458,37.77583
449072,55.83178,49.19551
449387,55.73838,37.52898
449493,55.80518,37.56419
449501,55.59090,37.24345
449531,56.80351,60.56408
450229,55.65183,37.50499
450525,59.87023,30.37892
452714,55.72903,37.61150
452916,55.75856,37.64728
452967,59.92306,30.34399
453166,55.75539,37.62111
454132,55.67500,37.50655
454165,55.68851,37.29598
454325,47.28941,39.84774
454783,55.77508,37.50631
455044,55.67534,37.47070
455244,55.77453,37.42755
455315,55.56059,37.03669
455659,55.73972,37.41036
455882,48.45307,135.02597
455906,59.95964,30.28926
455910,55.74378,37.56585
455990,55.74671,37.58453
456257,55.71473,37.50462
456314,55.83965,37.49138
456407,55.69192,37.52827
456456,55.86609,37.44131
456461,55.75731,37.65881
456479,55.82037,37.57855
456611,55.78381,49.15029
456673,55.70020,37.60312
456820,55.73023,37.62367
456866,54.76835,32.08063
456996,55.82761,37.51974
457048,55.82539,49.11991
457061,55.82486,37.36992
457085,60.05435,30.38979
457149,46.96161,142.72538
457382,55.70799,37.65470
457623,55.71351,37.71071
459163,55.91136,37.39700
459232,55.75476,37.61615
459278,55.75826,37.63428
460890,51.65777,39.23929
460904,54.61241,39.79258
460914,55.80778,37.56039
461194,55.82165,37.38790
461263,45.10092,38.98519
461517,55.81484,37.50056
461631,55.78038,37.59736
461711,59.86360,30.37198
461727,55.75763,37.63239
461930,55.79283,37.78561
462125,55.77308,37.58513
462252,55.78277,37.71968
462270,55.61740,51.78315
462348,55.88659,37.65918
462474,56.15088,47.19050
462660,55.70758,37.66632
462846,55.76023,37.68403
463296,55.54710,37.55223
463425,53.19757,50.15205
464628,55.68466,37.62323
464660,55.72479,37.59631
465048,55.73555,37.58850
465114,55.01260,73.32384
465275,55.80456,37.50579
465658,55.82724,37.64257
466056,56.82894,60.55182
466093,47.23629,39.60768
467054,59.92803,30.36116
467099,55.60075,37.55084
467109,59.89165,30.52209
467363,55.79694,49.20931
467631,55.76077,37.61610
467705,59.86431,30.32084
468589,55.74666,37.58546
468969,55.75605,37.65881
469535,55.78877,49.11934
469577,55.66531,37.51330
469663,55.78103,37.46615
469712,55.74671,37.58453
470372,44.64137,39.18054
470916,55.61927,37.50899
470954,55.70850,37.65718
471148,56.83890,60.61004
471319,55.98430,37.17681
471360,59.93339,30.43874
472679,55.69149,37.53217
473014,55.79520,37.71241
473023,50.59979,36.57449
473096,55.74896,37.53708
473183,55.60562,37.48846
473197,55.86341,37.60312
473749,55.49951,61.08026
473953,55.74894,37.60680
474663,55.70108,37.62236
474822,59.93721,30.31505
475023,55.80018,37.61272
475357,47.22663,39.70637
475710,51.65139,39.14234
475841,55.77788,37.65335
475948,55.81748,37.81158
476238,59.93692,30.23680
476604,55.02226,82.93070
476630,54.98151,82.89772
476693,61.79096,34.36535
476823,55.54796,37.54525
476883,55.73889,37.63189
477050,55.90966,37.53962
479751,55.77399,37.62044
479855,55.62355,37.60517
480054,54.98752,73.43326
480056,55.68102,37.59456
480131,55.61241,37.60700
480723,55.66086,37.73809
480916,53.13960,50.17866
481324,50.25484,127.55506
481519,55.80729,37.63439
482544,59.93582,30.32195
482632,55.64017,37.53303
482782,55.67714,37.66043
482812,59.98685,30.30468
482880,55.78731,49.17200
483261,56.85636,35.90985
483537,55.81957,49.10738
484374,57.73916,40.97975
487535,55.78257,37.72003
487551,59.99030,30.25976
487677,55.78561,49.11939
487925,55.73097,37.63327
488589,55.75301,37.62692
490411,55.69257,37.53517
490786,55.75171,37.59228
490803,56.34779,30.56177
491313,68.96679,33.09231
492362,53.21541,50.15993
492520,55.59917,37.52675
492749,51.52953,46.03382
495068,55.79419,37.59151
495084,55.60602,37.28721
495345,45.05503,39.03056
495787,55.75187,37.59204
496258,59.90466,30.31904
496774,55.85412,37.68231
497338,55.82093,37.38803
497492,55.73340,37.59984
497817,59.85127,30.21848
498115,55.75478,37.60904
498444,55.77778,37.68855
498900,55.80266,37.70462
498931,55.85932,37.58574
498948,55.75669,37.65716
499576,56.84283,60.61591
499902,55.74692,37.67119
500122,55.79242,37.60384
500656,55.79055,49.11485
501096,55.74715,37.86214
502714,55.71520,37.81812
502728,45.08938,38.98589
502746,59.90348,30.50681
502762,55.74896,37.53836
502911,58.57553,49.64305
503057,55.68672,37.44134
503089,43.66667,39.63703
504206,55.70926,37.65718
504303,55.77546,37.71689
505316,55.81171,37.79708
505391,59.97493,30.35346
505493,55.75291,37.58655
506019,53.20014,45.00841
506649,58.60092,49.63633
506797,55.90104,37.39901
508443,55.75826,37.62406
508453,55.43207,65.33995
508676,59.93472,30.31332
508771,55.99407,37.80501
508983,55.04824,82.91173
511155,55.86961,37.50656
511233,55.79418,49.14959
511640,55.75296,37.50228
512118,59.87735,30.31922
513337,56.54649,47.84814
514177,55.80778,37.51060
514887,53.54181,49.38898
515056,56.01089,92.88099
516608,55.75982,37.62530
516654,59.94479,30.35209
516692,55.75168,37.88272
517126,55.64150,37.60692
517327,55.77643,37.65335
517348,55.76482,37.60762
517476,55.76169,37.64743
517650,59.93771,30.32243
519378,55.77474,37.68496
519598,45.10100,38.98346
519694,60.04168,30.39161
519706,59.97122,30.30643
521293,55.78056,37.59973
523973,55.78115,37.59940
524599,56.79738,60.62800
525008,55.77002,37.62206
525097,59.84099,30.33785
525276,55.76372,37.61765
527014,55.66486,37.56194
527146,55.79659,37.49158
527238,59.94237,30.35413
527395,60.07443,30.33350
527439,55.58573,37.72435
527487,56.82773,60.56417
527788,54.73330,20.48358
528117,55.76216,37.56736
528979,55.81629,37.46172
530275,59.91109,30.25775
530752,54.97894,73.32294
531710,54.73577,55.95762
532109,59.93164,30.40771
532541,60.00434,30.29494
532577,55.82293,37.88159
532588,54.89173,38.06373
532617,59.96593,30.31181
534421,55.65610,37.54158
534803,55.77800,37.58657
534877,55.72246,37.65356
535010,55.72699,37.47370
535975,55.89248,37.53724
536157,55.67125,37.54103
536225,59.84527,30.42160
536252,51.53723,45.98839
536874,55.97789,37.15367
537113,59.99025,30.20456
537601,55.76385,37.63451
538122,55.79944,37.50485
538297,55.67801,37.46592
538353,55.78038,37.60053
538766,56.82477,60.67568
538928,55.71939,37.45114
542299,51.49931,45.94403
542367,55.82540,37.51547
542711,59.92986,30.35241
543427,61.25948,73.38059
543524,55.73096,37.63568
543868,54.71748,20.50171
545418,55.76314,37.55966
547528,55.78852,37.75048
550340,55.77153,37.59275
552183,55.74740,37.53531
552380,55.74836,37.57173
552983,59.90811,30.30737
554273,55.72666,37.62660
554804,55.78377,37.56025
554855,55.75165,37.71742
554983,55.58531,37.72330
555064,55.75253,38.00679
556587,62.90809,34.44469
556663,55.58533,37.72375
556968,55.68466,37.62299
557253,55.80976,37.79899
557258,59.92707,30.32018
557712,55.73924,37.66071
557762,55.74357,37.62932
558823,55.80721,37.80112
561989,59.95461,30.25343
562175,55.77742,38.44381
562248,54.96272,82.95471
562289,59.96496,30.30949
562458,55.88501,37.58704
562572,59.93586,30.37363
562652,59.93617,30.33445
564362,47.22550,39.62901
564418,55.79882,37.58225
565173,55.75669,37.65572
565241,55.77478,37.58178
567087,55.65285,37.53808
567928,55.66571,37.54866
568630,55.72880,37.61107
568728,51.53382,46.01133
568951,55.69727,37.54156
569228,55.67652,37.50609
570059,55.76120,37.59670
571849,55.73236,37.58863
572128,55.80295,37.50673
572456,56.81257,60.56334
573247,55.79998,37.48281
573934,55.98133,37.18480
574564,55.72963,37.62894
574743,55.81871,37.57479
575016,55.75682,37.53617
575107,55.78845,37.69967
575503,55.89632,37.58659
575823,55.69838,37.62077
576631,55.77135,37.62090
576939,59.93385,30.35070
576998,68.91287,33.09368
577188,55.75115,37.59420
577280,55.71050,37.67452
578344,55.87969,37.55737
578891,55.70897,37.89150
579378,55.60468,37.35610
579819,55.72676,37.56053
579962,55.85172,37.51129
580095,55.85088,37.44214
580152,59.84553,30.33834
580998,55.77194,37.64797
581111,55.71104,37.63260
581156,55.72681,37.62660
581659,55.72211,37.69592
581704,55.69491,37.49525
582062,55.78449,37.67449
582091,55.88440,37.68561
582165,55.91587,37.71117
582168,55.63796,37.75832
582296,55.70805,37.58760
582334,55.62699,37.64839
582441,55.72759,37.44945
582825,55.75596,37.61301
582870,44.98042,34.13308
583243,55.82338,37.49848
583440,59.91268,30.48003
583483,55.75189,37.39176
583622,55.76851,37.62248
583624,55.79570,37.61755
583646,55.89216,37.47942
583714,55.75579,37.56638
583722,55.70900,37.62232
583979,55.74098,37.41575
584025,56.81717,60.53587
584255,59.85911,30.24709
584353,55.11700,36.59379
584658,59.83294,30.34874
584685,55.82370,37.44120
584784,55.76465,37.60961
584976,55.72511,37.99341
586188,55.74800,37.54758
586541,55.74378,37.56585
586605,55.78919,37.74722
586653,55.75777,37.58688
586770,55.75079,49.23237
587424,55.78223,37.73156
587450,55.67625,37.76520
587480,57.58385,39.83994
587802,56.00777,37.85391
587932,55.94229,37.98039
588466,55.75650,37.60363
588589,55.72866,37.61343
588678,55.75701,37.60008
588720,55.66034,37.39793
589168,55.80570,37.52184
590213,56.31035,44.00034
590237,55.75544,37.61425
590574,55.92745,37.95542
590598,60.00450,30.29851
590600,55.77519,37.64455
590723,59.82300,30.32113
590772,55.58288,38.24457
590788,55.82127,37.87032
590820,55.45838,37.29588
590829,55.74816,49.18900
590833,55.53306,37.52010
590853,55.41248,37.53620
590956,55.87875,37.72113
591042,60.05709,30.38537
591099,55.88756,37.61609
591154,57.62757,39.87053
591196,60.01043,30.26415
591211,55.67564,37.50557
591214,55.81767,37.08628
591233,55.68150,37.59768
591244,55.68039,37.70392
591252,55.81753,49.11972
591263,55.97968,37.16179
591267,55.71855,37.67694
591285,55.86807,49.08953
591298,55.86326,37.59160
591317,59.88007,29.90948
591324,55.59796,38.11248
591331,55.91692,37.81186
591367,55.64681,37.72461
591392,59.96521,30.31581
591405,55.75564,49.24164
591585,55.38003,36.76072
591660,55.69149,37.52950
591677,55.88363,37.43617
591738,60.01535,30.38673
591783,55.49301,36.04591
591803,55.64185,37.33414
591857,55.94736,37.49081
591959,55.73501,37.80705
592100,55.86118,49.21740
592176,55.64050,37.52686
592289,55.70598,37.47716
592291,59.98577,30.41239
592354,57.62299,39.85633
592414,59.84830,30.15021
592491,54.86266,83.08990
594291,55.64891,37.74542
594597,55.71182,37.49610
594930,55.65440,37.86754
595010,55.88185,37.65572
595024,55.61251,37.60513
595097,55.72846,37.63052
595281,55.87226,37.67705
595326,55.79062,37.52946
595356,55.70853,37.57882
596059,56.83970,60.68821
596380,55.80378,37.51373
597431,59.94576,30.39358
597576,55.72408,37.64287
597712,55.76648,37.61352
598207,55.79420,37.58706
598446,55.76677,37.61158
598516,55.71069,37.67452
598889,55.77324,37.60366
599099,59.86431,30.32090
599169,55.78188,37.70781
599495,55.72970,37.63631
599561,60.00282,30.27377
599638,55.76677,37.61162
599846,55.63325,37.67844
600092,55.76997,49.21725
600114,55.74224,37.86654
600306,55.73506,37.69970
600423,58.59381,49.65761
601719,53.21455,50.18547
602110,59.94170,30.35911
602374,59.84893,30.14407
602584,59.87744,30.41751
602726,55.53485,37.58377
602815,55.75958,37.65095
602892,59.95638,30.34295
602967,59.92895,30.37834
602998,43.57809,39.72785
603118,51.71107,39.16061
603168,55.90636,37.41484
603540,55.79479,37.71241
603628,55.57643,37.57135
603641,55.67405,37.57153
603982,55.74724,37.55528
604352,55.74537,37.58660
604718,55.70538,37.47916
604820,55.81197,37.95653
604968,59.93556,30.32690
605048,60.00755,30.38400
605207,55.15266,37.46036
605301,55.78735,49.15630
605431,55.76542,37.60317
605874,55.64891,37.74542
606073,55.75122,37.81952
606316,55.73564,37.61252
606429,55.70263,37.84755
606488,55.75809,37.82152
606490,55.69199,37.50286
606499,55.77896,37.68998
606846,55.74106,37.76822
606992,55.78448,37.67536
607290,55.79596,37.96956
607362,59.93122,30.36621
607711,55.75139,37.53897
607872,55.88347,37.60262
609312,55.78515,37.66468
609408,55.75192,52.01921
609412,59.95802,30.32044
609432,59.86312,30.33705
609436,55.85319,37.47785
610506,55.80694,37.50541
610525,55.81645,37.66152
610568,55.76904,37.61419
610754,55.72609,37.63234
611796,55.85744,37.50616
612727,55.79054,37.53206
612989,55.75298,37.58661
613207,55.79007,37.53234
613436,59.93460,30.34116
613530,55.67774,37.46576
613621,55.75544,37.61425
613625,55.69149,37.52950
613868,59.93097,30.40991
613878,53.23798,34.34786
614118,55.82088,37.38698
614157,59.94428,30.26501
614329,55.82087,37.38678
614360,55.77158,37.64949
614521,55.75252,37.81839
614565,55.79061,37.53237
614839,59.93288,30.43839
614917,55.68262,37.49144
616963,55.79059,37.52959
616981,55.70710,37.71276
617137,55.76148,37.62283
617193,55.77577,49.13383
617298,55.73646,37.64103
617608,55.77851,37.58257
618315,58.59526,49.66288
618523,55.15501,61.40262
618946,55.74469,37.56585
619206,55.76468,37.60624
619278,55.56817,37.57704
619573,55.18431,61.40041
620025,55.91642,37.75943
620046,44.72825,37.76594
620325,59.83315,30.34652
621839,56.82333,60.50530
622041,56.22286,43.85806
622236,55.82516,49.15195
623326,43.12729,131.92540
623492,55.68563,37.30766
623717,55.76062,37.61606
624326,55.65250,37.50807
624393,55.65579,37.54242
624420,55.87920,37.57360
624472,55.58713,37.71671
625798,56.06554,92.92590
625906,55.71144,37.61404
626072,59.99008,30.25903
626957,55.66338,37.87533
627200,55.75867,37.70550
627390,55.76183,37.65670
627818,60.00067,30.26424
628047,55.64291,37.34684
628220,56.83757,60.59172
628270,55.83740,37.18350
628593,55.76264,37.59838
628722,55.73174,37.64098
629112,59.90180,30.27347
629192,55.72204,37.60208
629254,55.73488,37.66669
629434,59.98678,30.29957
629555,55.77151,37.63255
629714,60.05012,30.44541
629774,60.01255,30.27340
629845,55.80990,37.63734
630161,54.19121,45.22626
631727,55.78984,37.66544
631780,55.75996,37.62530
631980,55.82858,37.59183
633428,59.95075,30.22152
633454,55.66009,37.75166
634128,55.80501,37.51548
634306,55.69999,37.50479
634448,47.21967,39.71353
634551,59.93445,30.32821
634969,55.79199,37.60958
636040,59.93121,30.35854
636056,55.73051,37.64441
636288,55.66434,37.62645
636512,59.94918,30.23385
636749,59.86225,30.19437
637259,55.72989,37.60821
637574,55.83870,37.18285
637930,59.88085,30.31674
638029,59.92670,30.34601
639478,44.72537,37.76319
639816,59.94126,30.34805
639866,55.78983,37.53241
640049,55.72998,37.64098
640070,55.75517,37.60095
640528,59.95658,30.22444
640568,59.94502,30.36861
640575,59.86259,30.20909
641472,55.66412,37.48286
641991,59.92015,30.33890
642077,55.64524,37.52099
642086,54.75645,56.03428
643019,55.76158,37.65819
643041,55.75245,37.59856
643365,60.01250,30.39843
643643,55.66944,37.44565
643835,55.65294,37.60187
643898,55.71668,37.66079
644767,55.73246,37.58863
644900,55.75844,37.66081
644923,55.85497,37.56604
645682,55.69596,37.66520
646900,55.97743,37.15909
646986,54.30658,48.35964
647008,55.76032,37.62283
647714,57.62200,39.87864
647811,55.76023,37.62420
648066,59.91157,30.44545
648092,55.80308,37.49033
648143,54.96375,82.93565
648272,45.03591,39.05138
648288,52.28254,104.28561
648376,59.93451,30.36126
648504,45.01241,38.92889
648742,55.72058,37.43226
648758,55.61267,37.73139
648921,53.20688,50.19733
649083,45.03326,39.05466
649137,55.81033,37.38650
649831,60.03675,30.40615
650144,55.70727,37.59115
650767,55.73669,37.64064
650803,56.00908,37.85159
651186,55.72985,37.62894
651197,48.70600,44.51718
651297,48.70688,44.52030
651372,59.92869,30.41199
651474,59.93842,30.34712
651926,54.19219,37.59176
652017,61.78960,34.36092
652162,55.70424,37.76667
652595,58.61504,49.66615
652600,60.05178,30.33979
653030,43.03351,44.64265
653078,55.73236,37.58863
653257,59.94423,30.35962
654870,55.84984,37.43540
655039,55.85576,37.47732
655540,55.73626,37.74476
655627,55.74981,37.69266
655896,55.82295,37.57299
655994,59.85951,30.24649
656075,55.78142,37.48060
656119,59.79825,30.26886
656280,55.66513,37.62194
656773,55.68090,37.54744
656924,54.95206,40.27401
657903,59.93947,30.35804
658631,53.37540,55.92321
658756,55.74365,37.50812
658891,56.83110,60.60098
659469,55.77481,37.58592
659492,55.75312,37.58929
659500,59.93206,30.35070
659503,55.75992,37.62530
659570,55.41279,37.89966
659721,56.81686,60.53787
659851,56.31365,44.06965
659854,55.73252,37.58468
659864,55.77630,37.58133
659941,55.75733,37.61574
659998,55.77605,37.58091
660084,55.73567,37.62078
660273,55.76904,37.56230
660311,59.91245,30.31570
660322,55.77851,37.58043
660425,55.72627,37.64081
660539,55.41606,37.89847
660552,59.82607,30.42031
660650,56.84682,35.91389
660670,55.71979,37.60963
660832,55.65966,51.82941
660840,55.41386,37.89736
660983,59.86901,30.31273
661034,55.80324,37.49086
661073,55.75677,37.61574
661121,55.74570,37.55769
661440,55.41377,37.89721
662752,55.65397,37.60454
662904,55.67298,37.55960
663124,59.92640,30.31782
663312,55.79725,37.79243
663423,55.89743,37.66640
663470,59.86764,30.26053
663689,55.74378,37.56585
663956,55.79518,37.58347
663970,55.58856,37.66471
664052,64.59388,39.81070
664758,55.75742,37.65881
666955,55.72814,37.60619
667183,47.22367,39.76460
667244,59.90716,30.29911
667586,59.87310,30.31345
667720,59.94827,30.27382
667893,57.00541,40.98379
668126,54.72145,20.45227
668161,55.03530,73.27009
668166,48.68691,44.49167
668168,56.91232,60.61798
668480,59.82777,30.31731
668612,55.71265,37.67495
668621,60.05255,30.33035
668757,55.91644,37.75813
669133,55.70900,37.62209
669145,55.82558,37.97117
669242,59.92617,30.39123
669271,59.84928,30.32052
669399,55.77718,37.65661
669439,56.01410,92.85748
669447,46.33768,48.03938
669536,51.62077,45.97294
669648,45.01027,39.12422
669937,59.96573,30.31229
669943,60.00316,30.24492
669957,59.93870,30.38487
669969,59.98444,30.34487
669992,55.84578,37.66060
670074,55.80687,37.58859
670106,59.87041,30.34903
670144,59.92655,30.34601
670166,59.93312,30.43855
670315,51.66126,39.20400
670464,55.75551,37.66035
670480,55.73569,37.58850
670540,59.90857,30.45346
671111,59.92715,30.32038
671626,55.82550,37.90612
671771,59.99368,30.14742
671948,59.94091,30.31470
672113,59.86497,30.47021
672132,55.75314,49.24041
672267,59.93342,30.35894
672476,45.07056,38.98264
672480,59.92911,30.41182
672860,55.73473,37.54563
672962,55.75385,37.63625
672994,59.89805,30.28449
673084,59.93342,30.35894
673110,60.03470,30.24525
673144,55.74385,37.60065
673383,60.01208,30.39694
673476,59.91881,30.46813
673750,59.93710,30.31505
673840,55.59617,37.60299
674034,55.81889,37.62897
674039,55.76428,37.60798
674056,59.84187,30.46996
674065,59.86816,30.26042
674172,56.85274,60.55272
674230,59.93710,30.31732
674242,59.98591,30.30101
674261,55.63190,37.62330
674294,45.04220,35.37769
674366,55.74439,37.56446
674667,59.93199,30.35525
674682,55.73984,37.58607
674920,59.93556,30.32982
675008,61.24157,73.37187
675021,55.76618,37.56527
675618,59.93670,30.32657
675677,55.74059,37.62721
675727,55.72762,37.47266
676198,55.75664,37.60335
676204,59.88027,30.26177
676294,59.98926,30.25577
676378,55.93050,38.00494
676622,55.74378,37.56909
676737,55.87687,37.33034
676904,58.03961,56.19153
677193,55.64780,37.36892
677377,59.93594,30.32779
677444,55.74862,37.53752
677678,55.65586,37.54182
677848,59.92718,30.34722
677871,59.88887,30.32840
678104,55.68341,37.89734
678117,59.93621,30.28750
678292,55.69045,37.60029
678303,55.85131,37.59587
678366,55.80792,37.63785
678494,55.91136,37.39700
678571,55.70639,37.62473
678853,59.86461,30.47090
678899,59.96121,30.29159
678916,59.94937,30.23084
678978,55.79399,37.49158
679150,59.92641,30.31906
679174,59.85150,30.26842
679188,55.75635,37.63430
679245,47.22694,39.61285
679332,59.91354,30.34953
679448,55.80123,37.53332
679555,59.97119,30.26668
679643,59.96636,30.31229
680000,59.92859,30.38127
680097,55.74137,37.86126
680105,59.91968,30.32863
680424,55.74250,37.62983
680619,59.91734,30.31816
680741,60.01298,30.39899
680755,59.92380,30.38457
680789,55.68247,37.87106
680898,55.74303,37.63854
680939,55.37712,39.04496
681689,55.85751,37.61067
682065,60.03859,30.32266
682547,59.93579,30.35597
682801,59.92028,30.33006
682805,60.09079,30.38027
682891,55.86437,37.57146
683091,55.66980,37.61163
683176,55.72488,37.58151
683852,55.75771,37.61615
684170,59.94159,30.38378
684712,55.67809,37.65849
684804,55.79497,37.49351
685046,55.77481,37.58537
685172,55.85296,37.65292
685294,55.67556,37.61081
685310,55.78381,49.15029
685448,55.77681,37.65485
685538,55.79219,37.52841
685750,55.75467,37.62154
685879,55.79131,37.52905
686369,55.75779,37.63715
687949,55.74359,37.56509
687953,55.74878,37.58736
688419,55.77041,37.63255
688532,59.85196,30.25021
688873,55.75534,37.66102
688885,47.22539,39.73800
688980,55.80176,37.53229
688999,55.74116,37.53768
689006,55.67242,37.28474
689008,55.77267,37.54369
689016,55.92148,37.76122
689038,55.66805,37.56421
689053,55.84082,37.49004
689069,55.68235,37.65580
689098,55.76642,37.64785
689228,55.85113,37.43811
689234,55.61473,37.72190
689263,55.65833,37.62326
689309,55.82280,37.49782
689331,55.75027,37.58261
689386,55.77120,37.70899
689427,55.81257,37.79775
689518,55.86660,37.49358
689523,55.75052,37.78605
689525,55.79285,37.60407
689534,55.74881,37.53859
689639,55.64589,37.74308
689676,55.79976,37.58451
689785,55.75941,37.63114
689811,55.80435,37.72517
689826,55.82758,37.57818
689835,55.78369,37.56011
689842,55.77048,37.62026
689913,55.63011,37.74823
689972,55.79899,37.48294
689981,55.70900,37.62209
690009,55.73219,37.64419
690069,55.87798,37.48642
690241,55.79961,37.48220
690272,55.70852,37.65360
690342,55.58401,37.59840
690356,55.85263,37.43970
690490,55.62134,37.60585
690513,55.73666,37.82902
690724,55.76484,37.60642
691009,55.74669,37.54924
691013,55.70611,37.69145
691095,55.91252,37.56933
691139,68.96875,33.09829
691144,55.94696,37.29776
691249,55.81832,37.57374
691299,55.74791,37.71464
691328,55.69148,37.53921
691474,55.82450,37.63569
691475,55.86126,37.60350
691493,55.63439,37.44279
691583,55.77886,37.51590
691662,55.74673,37.70530
691687,55.66671,37.51458
691967,55.74699,37.51401
692029,55.77925,37.63311
692043,55.79419,37.58483
692066,55.77720,37.66069
692162,56.78968,60.51922
692210,55.77126,37.59461
692262,55.81615,37.46600
692571,55.80540,37.51516
692667,55.61751,37.50765
692730,55.78433,37.62448
692813,55.92066,37.82020
692832,55.78944,37.68054
693060,55.74378,37.56727
693158,55.74059,37.62721
693366,55.74095,37.61594
693438,55.77433,37.54666
693592,55.84411,37.35639
693624,55.67214,37.60280
693738,55.71048,37.62186
694199,54.17810,37.64747
694226,55.62264,37.60585
694249,55.61521,37.74763
694302,59.87971,30.30920
694554,55.74101,37.41573
694960,47.22629,39.70096
695150,55.71003,37.65360
695381,55.81861,37.59477
695415,55.74378,37.56585
695458,55.77881,37.58792
695619,59.91588,30.47239
697629,55.65321,37.60613
697696,52.94703,36.03267
697941,55.73055,37.72007
698179,55.77569,37.49578
698257,55.60871,37.53227
698434,47.21758,38.89933
698641,55.79163,37.78664
699652,56.83668,60.59597
700477,56.51250,84.98313
700786,59.92750,30.36116
700826,55.80800,37.51262
700956,55.75056,37.64186
702001,55.92493,37.86055
702214,56.00873,37.19956
702510,54.72009,20.47950
703467,52.28683,104.33791
703970,55.78115,37.59966
704019,55.65556,37.58317
704679,56.30841,44.00249
704920,55.73031,37.53331
704951,55.72866,37.61343
705147,55.79092,37.70761
707427,55.74734,37.58853
708102,55.65531,37.54059
708454,55.79249,37.77231
708805,55.80990,37.63670
708879,45.02455,39.04424
709430,59.92639,30.31300
709564,59.98539,30.38976
709724,55.74135,37.65531
709817,55.73821,37.63863
710147,56.80350,60.61427
710258,55.77129,37.59461
710335,55.78692,37.48063
710448,55.77417,37.47362
710473,55.72357,37.70792
710515,55.77820,37.67696
710565,55.71386,37.50182
710696,55.74614,37.58664
710795,55.74580,37.62853
710975,55.74747,37.65581
711256,55.66401,37.90919
711315,55.79159,37.53139
711398,55.74915,37.86068
711621,55.82280,37.49795
711657,55.75761,37.80300
711661,55.85561,37.42197
711755,55.73199,37.62860
711859,55.76484,37.60562
711947,55.75014,37.59191
711954,55.69475,37.90407
712138,55.75859,37.60862
712178,55.75335,37.71637
712179,55.70314,37.59105
712292,55.76364,37.56127
712331,55.70867,37.73008
712341,55.73083,37.67430
712415,55.73961,37.64266
712525,55.67383,37.75984
712614,55.74671,37.58453
712622,55.84902,37.43912
712654,59.85869,30.24794
712895,55.65365,37.61417
713007,55.78809,37.58405
713130,55.69809,37.74931
713248,55.84780,37.36011
713310,59.92856,30.33717
713337,54.51503,36.24263
713361,55.76087,37.77955
713372,55.78061,49.21325
713513,56.45904,84.94415
713592,55.72759,37.44945
713673,55.76467,37.63331
713703,55.75771,37.40733
713708,55.75850,37.66107
713891,59.85625,30.20848
713938,55.82325,37.49804
714013,55.85361,37.56551
714026,47.22404,39.70438
714278,55.74393,37.85321
714419,53.21774,50.22197
714747,55.85552,37.65210
714752,61.25913,73.40052
715019,55.64489,37.48572
716696,59.93410,30.34341
716762,61.78646,34.35834
717093,59.86802,30.31998
717280,56.85648,35.86852
717350,56.81664,60.58641
717629,59.82642,30.14161
717816,55.75771,37.61615
717859,56.00648,37.20220
717889,60.01914,30.64742
717978,55.72896,37.64131
718049,55.74378,37.56573
718091,60.03456,30.41921
718145,59.94512,30.36059
718475,55.75109,37.41524
718580,55.54687,37.53254
718865,55.76133,37.61420
718873,59.84419,30.40579
719038,55.74896,37.53836
719119,55.75260,37.88707
719226,55.73684,37.48673
719296,55.68944,37.87471
719419,54.85769,83.11176
720006,56.83255,60.58964
720020,55.69173,37.72816
720905,55.60634,37.53628
721026,53.35520,58.95127
721076,54.15635,37.54240
721210,53.27536,34.31670
721288,56.82312,60.71269
721358,55.98998,92.98267
721450,58.59982,49.57782
721480,47.24603,39.84453
721521,53.54692,49.37447
721672,54.97195,73.28558
721930,54.98239,82.89735
722099,59.87652,30.35442
722129,54.46677,36.25265
722147,51.55788,46.03802
722164,47.28459,39.68716
722316,57.11516,65.54262
722426,46.31963,48.02019
722454,54.70617,20.59219
722463,56.28686,43.99660
722542,55.70054,37.92818
722662,55.57473,37.57950
722666,59.95802,30.31826
722851,55.72888,37.62379
723028,55.77835,37.72424
723032,60.07369,30.34171
724725,55.74428,37.66940
724978,55.74931,37.58453
726861,55.67089,37.55269
727216,55.98126,37.18449
727307,55.70940,37.58039
727368,55.41111,37.90011
727394,60.04951,30.35383
727415,55.74847,37.42554
727525,55.60889,37.49373
727746,59.91469,30.44884
728046,55.75895,37.64105
728243,55.96194,37.40691
728399,53.53772,49.29324
728962,60.03715,30.32350
731302,59.93150,30.36034
731550,59.92751,30.34601
731629,55.76627,37.60579
732397,59.95223,30.29167
732439,59.94212,30.37016
732905,53.22147,50.26058
732998,60.03551,30.36245
733988,55.66326,37.47904
734203,55.66306,37.48149
734629,55.78346,37.57877
734764,55.32274,86.17167
738030,60.10788,30.26890
738765,55.76170,37.62652
738836,55.77727,37.58130
739947,57.14144,65.55154
740484,55.73118,37.73931
741650,60.00688,30.25941
741697,55.65971,37.19940
742751,55.77155,37.62090
744850,54.99455,82.91025
745029,59.84791,30.26833
745229,55.41413,37.90021
747903,55.85022,37.44439
748062,55.85037,37.44274
749720,59.93476,30.33610
754241,55.77925,37.63311
754600,59.91648,30.45360
755457,55.74386,37.64902
756890,57.62757,39.87053
763058,55.64608,37.74692
763628,55.77700,37.58657
764815,59.83016,30.16018
765773,55.76832,37.63298
771024,54.99391,73.37309
773946,55.74548,37.61080
781328,55.74707,37.70720
782623,59.92867,30.34601
783085,55.79717,37.71711
785652,56.81455,35.88478
786282,55.77077,37.60737
789669,55.75474,37.86451
790363,55.65503,37.53308
790901,59.90976,30.35581
790938,59.93742,30.35911
792155,57.00438,61.46450
792271,55.70940,37.65470
792810,55.79369,37.54276
793218,55.75989,37.57970
793365,55.64085,37.50275
797029,55.73939,37.65771
798524,55.74469,37.56527
798838,59.97172,30.34391
799559,55.54463,37.59136
804590,54.74753,20.48849
805137,54.74736,20.48793
806348,55.78101,49.12535
806756,55.74401,37.54557
807037,55.80937,37.46375
807185,56.85792,35.86786
807842,55.78713,49.12098
809212,66.74776,79.51452
810234,55.92014,37.84682
810517,60.00315,30.22825
810856,45.03086,35.09472
812224,55.77720,37.67885
812870,55.78363,37.73867
813532,55.90367,37.71313
814306,55.68755,37.53419
815260,55.04001,82.94527
817059,55.76169,37.64894
818303,55.71193,37.75177
818732,55.73892,37.48442
819243,55.71193,37.75177
823546,55.73061,37.62896
827471,55.61747,37.50870
828736,54.72221,55.94411
830515,60.01246,30.39651
831354,58.45115,92.20044
831420,55.77116,37.60713
832780,51.53505,46.00937
832798,55.58383,37.59724
833134,55.85513,37.65292
833287,55.72590,37.44956
833975,55.63151,37.51786
834138,45.02684,39.04687
835113,56.30913,44.00248
837629,55.76776,37.60562
838230,55.80526,37.51548
839932,59.88522,30.32125
840559,55.73171,37.63327
841666,55.77725,37.56006
841725,55.77520,37.58853
843370,56.30735,44.07833
843786,55.81370,37.73213
844050,52.99397,36.12069
845123,59.93182,30.32096
845395,55.06315,82.93499
845543,55.97888,37.17152
845740,53.49054,49.32451
852726,55.69142,37.60301
853676,55.74156,37.62827
855246,55.75218,37.88703
855954,55.73129,37.64598
856339,55.63498,37.43154
857665,56.99523,40.97089
858444,55.43713,37.54754
859235,55.63464,37.43154
859733,59.94457,30.48198
859894,55.74829,52.39187
860077,59.92663,30.40878
863093,55.74483,37.63194
863412,55.74740,37.53897
863557,55.76613,37.38242
863839,56.86012,60.64288
864259,59.93150,30.36047
864556,59.93594,30.32779
866646,55.76496,37.61848
866866,55.70318,37.67600
868010,55.66230,37.61974
869345,60.00067,30.26424
871249,55.83631,37.65933
871362,59.12488,37.92657
875414,56.32703,43.98041
875590,55.77102,37.62090
875714,59.92611,30.32043
875779,55.66222,37.54526
876028,55.76163,37.63402
876166,59.92668,30.30699
878268,60.04785,30.31872
878560,57.00555,40.98542
879288,59.85828,30.24958
879429,55.45396,37.75585
879693,46.41711,47.97843
882067,55.74156,37.62827
882420,55.72712,37.56766
884157,59.90180,30.27498
885194,55.76548,37.61158
886872,60.03138,30.33373
886999,55.65767,37.84463
888678,55.80602,37.58947
889825,55.80303,37.53410
890728,55.74494,37.62932
891194,55.74942,37.70745
891795,55.61214,37.73181
892152,55.81678,37.70128
892479,59.91186,30.44742
892917,51.57615,45.97298
893108,59.91186,30.44742
893615,55.64528,37.66132
893804,55.60736,37.44475
893979,55.87436,37.67343
893998,55.79425,37.69712
894334,55.76921,37.64583
894409,55.73528,37.64225
894727,59.92941,30.36254
894859,55.70600,37.76766
894876,55.61795,37.69205
895006,55.74105,37.59848
895692,55.91037,37.73106
900131,55.74520,37.60354
900372,56.83567,60.59425
900439,60.02478,30.29738
900496,55.56708,37.57070
900713,55.61213,37.73178
900716,55.74937,37.65814
901191,59.93151,30.34526
901636,55.88656,37.66317
902516,55.82933,37.31017
902735,55.71616,37.62569
902869,55.79107,37.52959
903143,53.50941,49.44244
903728,59.85495,30.37208
904269,59.94371,30.34447
904300,55.79555,37.97472
904679,55.74218,37.41799
906634,59.93459,30.29784
907382,59.85437,30.28144
908318,55.77441,37.62946
908734,55.77800,37.58719
911111,59.92750,30.36116
912928,56.85334,53.20382
913911,55.85434,37.47670
916924,59.92731,30.32043
917854,55.72039,37.60988
920222,55.73664,37.60705
937144,59.91485,30.34753
938944,55.79256,37.60616
939671,56.84275,60.59167
941062,56.13023,47.24700
946050,59.98426,30.23553
946150,55.67758,37.66384
950995,58.60506,49.67272
952767,55.78680,37.57991
956137,59.99632,30.30202
956588,55.73614,37.59107
958006,55.79811,37.93546
960879,55.91639,37.75758
963426,55.73584,37.62239
964711,55.79501,37.61755
964926,55.72196,37.62147
965070,60.00080,30.21066
966266,55.81259,37.83136
967621,55.79268,37.60296
969831,55.67088,37.48107
976125,59.93597,30.35404
977649,55.70328,37.63696
979539,56.80824,60.60644
981049,60.00675,30.25941
982462,55.80795,37.46390
988378,55.15076,61.41147
988741,59.94747,30.35493
991591,55.76548,37.60624
995030,55.75459,37.60834
995197,59.91778,30.46877
996266,55.60150,37.66529
996492,55.34872,86.17468
997209,55.70900,37.62209
997328,55.87227,37.60762
997554,59.96322,30.29656
997734,55.76371,37.59327
1002241,60.03323,30.36734
1003275,55.84636,37.66221
1004515,54.99622,82.90615
1004883,55.73978,37.65580
1005730,55.72703,37.66733
1012015,55.04300,82.93700
1014803,55.88724,37.42985
1016375,55.58533,37.72375
1019066,54.71365,20.53488
1020073,53.77668,87.12070
1020428,55.80296,38.18394
1020469,55.86437,37.49505
1020472,55.88445,38.78568
1020509,55.85040,37.52200
1020518,55.14968,61.37925
1020520,59.98108,30.35610
1020536,56.77925,60.54844
1020555,55.67777,37.63515
1020588,55.74518,37.79304
1020595,55.68903,37.91364
1020646,55.89265,37.72413
1020670,55.56955,37.47739
1020722,55.77451,37.58132
1020727,55.70846,37.66224
1020853,55.66215,37.75985
1020856,55.54209,37.54166
1020871,55.11905,36.58469
1020939,55.61181,37.69679
1020957,55.74156,37.63023
1020980,56.33943,37.54818
1020997,55.73832,37.51943
1021011,55.72290,37.63120
1021045,55.66612,37.28294
1021053,57.62447,39.85742
1021082,55.64894,37.56678
1021086,55.75846,37.86109
1021125,55.82918,37.51813
1021140,55.66258,37.76382
1021172,55.82015,37.79796
1021181,56.00620,37.83042
1021248,55.72105,37.42329
1021255,55.66683,37.62869
1021345,57.62376,39.88643
1021346,55.64898,37.49959
1021381,55.63191,37.48320
1021386,55.74502,36.88171
1021396,55.83900,37.53613
1021404,55.73521,37.48673
1021433,55.70647,37.51302
1021535,55.71208,37.89831
1021574,55.64650,37.85863
1021590,55.67661,37.76486
1021598,55.75534,37.65716
1021605,55.75294,37.85873
1021619,55.83483,37.65430
1021683,55.73808,37.82086
1021710,55.78287,37.73617
1021725,55.69941,37.81011
1021728,55.57563,37.47029
1021790,55.73320,37.68378
1021834,55.88432,38.77213
1021835,56.29777,38.12702
1021852,55.79679,37.51162
1021889,55.79473,37.58747
1021891,55.58534,37.69441
1021935,56.84156,60.67620
1021939,55.71411,37.69577
1021970,55.64809,37.39173
1022044,55.62229,37.71707
1022112,55.65045,37.73026
1022117,55.66740,37.92396
1022119,55.74267,37.50439
1022158,55.73114,37.60421
1022181,55.68670,37.58473
1022201,55.99706,37.86227
1022211,55.81727,37.66113
1022274,57.11627,65.54969
1022293,56.88522,60.63439
1022314,55.74575,37.99964
1022345,55.68030,37.74722
1022350,55.68449,37.59603
1022361,55.75518,37.94251
1022387,55.76537,37.71733
1022444,56.83001,60.61625
1022454,55.79683,37.57913
1022467,55.95336,38.05052
1022521,55.56589,37.57838
1022576,55.73784,37.46938
1022631,55.76217,37.79241
1022650,55.46432,37.55224
1022661,57.15604,65.55934
1022674,55.85188,37.63535
1022684,55.71707,37.61939
1022705,55.77589,37.62715
1022723,55.83861,37.43874
1022725,55.12174,36.60369
1022743,55.82812,37.66431
1022756,55.77938,37.64170
1022765,55.85164,37.35488
1022776,55.54077,37.15476
1022810,55.80883,37.55837
1022819,55.58661,38.13106
1022831,55.77448,37.81941
1022870,55.19379,61.36189
1022890,55.69284,37.60675
1022955,56.20532,37.54045
1022961,54.72432,20.55001
1022999,56.82096,60.63940
1023017,55.80612,37.72266
1023049,55.98860,37.53108
1023056,55.74306,37.99797
1023117,55.77107,37.67678
1023119,55.77730,37.45999
1023156,55.93043,37.75295
1023164,55.75419,37.79793
1023199,55.71521,37.78569
1023250,55.63635,37.65587
1023283,55.83867,37.57654
1023292,55.72661,37.56757
1023299,55.72989,37.67430
1023350,55.92745,37.81657
1023391,55.16818,61.42169
1023394,55.75756,37.71591
1023419,55.64657,37.71580
1023432,55.89284,37.48290
1023464,55.19119,61.30292
1023509,55.68870,37.91331
1023541,55.84228,37.45556
1023614,55.67141,37.28296
1023616,55.53472,37.52023
1023706,55.79816,37.72885
1023715,55.72106,37.58413
1023722,59.85051,30.25200
1023734,55.17170,61.41841
1023748,56.82869,60.62508
1023753,55.70254,37.46623
1023785,55.68218,37.56680
1023844,55.86955,37.60034
1023870,55.75454,37.68121
1023890,55.75882,37.63239
1023894,55.90279,37.96884
1023947,55.56881,37.57838
1024007,55.65313,37.60314
1024028,55.75086,37.81952
1024108,55.70131,37.76338
1024141,55.80794,37.63679
1024151,55.65686,37.70591
1024185,55.54895,37.71557
1024191,55.74182,37.61655
1024202,55.70881,37.47063
1024272,56.89210,60.57163
1024278,55.60723,37.72432
1024287,55.92501,37.76966
1024313,55.65808,37.20151
1024319,55.72196,37.62424
1024324,55.88082,37.64519
1024338,55.73767,37.63162
1024342,55.59762,37.03717
1024350,56.88557,60.51273
1024376,55.82758,37.57818
1024383,55.65289,37.61400
1024420,55.66136,37.62943
1028343,59.90787,30.30920
1029020,55.95856,38.05907
1029090,56.17073,40.44450
1029910,55.49301,36.04591
1030548,54.98287,82.89181
1030858,55.66724,37.87477
1030947,59.92591,30.28716
1031470,55.94949,37.51990
1031985,55.78308,37.59818
1033654,55.75528,37.61393
1033961,55.68463,37.53915
1034791,55.65599,37.54133
1036203,57.00474,40.97697
1037883,55.74523,37.58467
1039229,55.80554,49.18463
1041364,55.68102,37.63051
1043509,59.85440,30.32394
1045418,56.30718,44.07814
1047018,56.29053,43.99807
1048252,55.42438,37.53596
1053846,55.65398,37.84602
1057869,47.20303,38.94412
1063341,55.67651,37.46758
1072571,59.93326,30.33063
1072659,55.74491,37.79894
1072846,55.73032,37.61104
1073225,55.69818,37.62453
1074117,55.77786,37.67087
1081130,55.81623,37.65752
1082066,55.75970,37.66423
1082810,55.74378,37.56585
1083244,55.13995,61.41413
1084712,55.81015,37.56845
1088276,55.67021,37.28132
1088462,55.68811,37.56933
1089327,61.27842,73.43297
1091316,55.73912,37.41168
1091511,55.86126,37.60284
1092633,55.80197,37.58291
1092874,55.03540,82.90083
1093109,55.70688,37.59275
1093153,59.85031,30.31910
1094774,55.69941,37.62342
1096239,56.81874,60.53702
1097683,55.62588,37.61258
1098023,55.65396,37.84786
1098255,59.93091,30.36034
1107531,55.79241,49.15262
1109192,55.77179,37.60310
1109442,55.84673,37.56841
1109839,55.69104,37.52091
1110295,55.75558,37.55807
1111090,55.67977,37.49389
1111826,55.71360,37.42263
1113400,55.85025,37.44392
1114103,59.90317,30.27357
1115256,55.85119,37.44262
1115961,55.79248,37.95697
1116580,55.75207,37.59438
1116713,56.28942,43.88085
1120424,55.76909,37.64270
1120594,55.74740,37.53836
1124765,55.76218,37.56213
1125447,55.85497,37.47722
1126040,55.59642,37.34529
1126579,55.76685,37.73116
1132698,55.75745,37.65722
1132838,55.77738,37.46392
1133078,55.75081,37.59649
1133882,55.78617,37.50826
1135800,55.61156,37.60437
1135986,55.70455,37.64155
1140284,55.77002,37.62206
1140343,55.78966,37.58129
1142267,54.33995,48.38998
1142707,59.92750,30.36157
1146452,55.88916,37.43395
1147094,47.25885,39.72028
1147204,55.82862,49.11864
1149004,55.72392,37.44768
1149181,55.71077,37.55957
1149676,59.92750,30.36116
1150021,55.54687,37.53254
1150832,53.32772,50.30568
1150899,53.50117,49.27252
1159059,55.82339,37.49772
1160634,59.73964,30.62090
1162262,55.75544,37.61433
1164984,55.73680,37.69499
1166671,55.78408,37.73451
1168798,55.74033,37.61184
1169613,56.96222,41.01195
1170700,57.62515,39.87981
1172856,55.60315,38.10848
1174219,55.17037,38.39132
1174635,55.72865,37.62379
1176425,55.80866,37.46432
1179061,53.75451,87.14007
1179979,55.72675,37.61142
1197504,55.02840,82.92036
1199235,59.91562,30.30838
1202320,55.76005,37.66250
1211066,55.76977,37.58131
1211610,55.83296,37.48680
1211718,55.74924,37.55928
1212917,55.76178,37.62385
1214346,55.70112,37.50405
1216527,59.94005,30.30769
1216587,55.70760,37.57873
1218589,55.82957,37.30780
1219772,64.57838,40.50646
1219834,45.05372,38.98266
1220144,55.72373,37.64346
1228745,55.61938,37.50891
1229810,55.74377,37.60420
1230841,55.91428,37.58020
1237751,55.78152,37.58096
1243763,59.93190,30.40116
1245561,55.73176,37.69836
1248366,55.77058,37.59275
1252264,55.66909,37.47494
1261031,55.77319,37.67881
1267933,55.73676,37.62976
1268929,55.79483,37.58883
1272614,45.06426,38.95671
1273227,55.65768,37.84465
1276615,59.98766,30.23291
1289860,55.76169,37.64884
1290452,55.74896,37.53836
1292654,55.74904,37.59038
1302284,56.81673,35.89806
1305189,55.86361,37.60312
1305602,59.92275,30.31863
1311331,55.71107,37.58167
1327442,55.74740,37.53803
1328720,56.00979,37.19826
1338248,55.76851,37.62248
1340687,55.69714,37.62537
1349074,55.91561,37.58640
1354334,60.01357,30.39820
1388964,57.62413,39.87068
1406406,59.93710,30.31470
1411360,55.99864,37.86141
1443087,60.04023,30.37280
1474369,55.73088,37.63279
1474687,47.28858,39.84573
1517050,55.61951,37.74264
1593797,54.98112,82.87005
1641298,55.87629,37.51688
1657861,55.81092,37.46257
1747127,55.81682,37.71332
1825014,55.79762,37.60088
1934268,59.93694,30.47836
748800,55.74021,37.65637
1928704,55.74021,37.65637
703979,55.74021,37.65637
1022468,55.74021,37.65637
416261,55.74021,37.65637
281734,55.74021,37.65637
591628,55.74021,37.65637
1019917,55.74021,37.65637
359182,55.74021,37.65637
590893,55.74021,37.65637
845712,55.74021,37.65637
489364,55.74021,37.65637
1082390,55.74021,37.65637
104471,55.74021,37.65637
168859,55.74021,37.65637
434588,55.74021,37.65637
296992,55.74021,37.65637
814369,55.74021,37.65637
455586,55.74021,37.65637
1175331,55.74021,37.65637
992165,55.74021,37.65637
301222,55.74021,37.65637
10919,55.74021,37.65637
685483,55.74021,37.65637
672684,55.74021,37.65637
382125,55.74021,37.65637
984753,55.74021,37.65637
412723,55.74021,37.65637
184759,55.74021,37.65637
497208,55.74021,37.65637
689978,55.74021,37.65637
454333,55.74021,37.65637
233534,55.74021,37.65637
202049,55.74021,37.65637
409282,55.74021,37.65637
838599,55.74021,37.65637
606921,55.74021,37.65637
1135399,55.74021,37.65637
711372,55.74021,37.65637
602447,55.74021,37.65637
628472,55.74021,37.65637
419922,55.74021,37.65637
448867,55.74021,37.65637
596219,55.74021,37.65637
1023943,55.74021,37.65637
67546,55.74021,37.65637
690319,55.74021,37.65637
869392,55.74021,37.65637
427259,55.74021,37.65637
663524,55.74021,37.65637
962534,55.74021,37.65637
454183,55.74021,37.65637
1022624,55.74021,37.65637
127856,55.74021,37.65637
206833,55.74021,37.65637
424435,55.74021,37.65637
369396,55.74021,37.65637
425974,55.74021,37.65637
549112,55.74021,37.65637
944890,55.74021,37.65637
423931,55.74021,37.65637
187006,55.74021,37.65637
202623,55.74021,37.65637
