mid,lat,lon
361,,
428,,
490,,
1175,,
1239,,
1476,,
1601,,
1628,,
1676,,
1916,,
2189,,
2726,,
3077,,
4698,,
5315,,
5392,,
6019,,
6261,,
7536,,
8088,,
8233,,
8783,,
8787,,
8969,,
9239,,
10773,,
10919,,
11995,,
12251,,
12455,,
12903,,
13314,,
13384,,
14037,,
15248,,
15269,,
15843,,
16214,,
16357,,
17421,,
17557,,
18307,,
18370,,
19153,,
20081,,
20398,,
20980,,
21018,,
21665,,
22478,,
22684,,
22927,,
23597,,
24005,,
24540,,
25423,,
26170,,
26312,,
26630,,
26689,,
27640,,
27710,,
28272,,
28841,,
29255,,
29796,,
30518,,
30552,,
30982,,
31317,,
31677,,
31736,,
32415,,
32711,,
32763,,
32795,,
32910,,
33676,,
33757,,
34401,,
34621,,
34787,,
34971,,
35593,,
36021,,
36255,,
36550,,
37437,,
37821,,
38921,,
39617,,
39697,,
39716,,
40531,,
40569,,
42083,,
42130,,
42228,,
42374,,
43463,,
43662,,
44144,,
44234,,
44676,,
44736,,
45508,,
47256,,
47319,,
49023,,
49224,,
49313,,
49486,,
50389,,
51249,,
51694,,
52460,,
52649,,
53581,,
54368,,
55842,,
55900,,
55959,,
56161,,
56336,,
56466,,
56601,,
57227,,
57239,,
57298,,
57303,,
57540,,
58180,,
58325,,
58848,,
58979,,
59057,,
59257,,
60011,,
60219,,
60544,,
62296,,
63242,,
63248,,
63690,,
64461,,
65898,,
65960,,
66337,,
66880,,
67546,,
67850,,
68389,,
68634,,
68635,,
68972,,
69065,,
70188,,
70275,,
70377,,
70827,,
71214,,
72047,,
72599,,
72651,,
73367,,
73382,,
73724,,
74394,,
74415,,
76514,,
76652,,
76740,,
77343,,
77483,,
78844,,
78938,,
79181,,
79429,,
79733,,
79855,,
80188,,
80221,,
81205,,
81472,,
81566,,
82040,,
82667,,
83516,,
85535,,
85567,,
85682,,
86880,,
86972,,
87116,,
87184,,
88274,,
88304,,
88616,,
88872,,
88915,,
88918,,
89511,,
90543,,
90601,,
90755,,
91241,,
91815,,
92441,,
93687,,
94145,,
94187,,
94241,,
94406,,
94431,,
94671,,
95220,,
95348,,
95406,,
96303,,
96576,,
97025,,
97187,,
97558,,
100837,,
100935,,
102044,,
102225,,
102589,,
102614,,
102670,,
102868,,
103034,,
104149,,
104471,,
104582,,
104629,,
105292,,
105345,,
105544,,
106475,,
106748,,
107494,,
107773,,
107891,,
108199,,
108899,,
109346,,
109445,,
109587,,
109595,,
109932,,
110824,,
110903,,
111955,,
112162,,
112511,,
113573,,
114124,,
114643,,
115475,,
115624,,
115831,,
115843,,
115872,,
116957,,
117402,,
117794,,
118627,,
118815,,
119126,,
119281,,
119555,,
119808,,
120098,,
120435,,
121200,,
121921,,
122338,,
122821,,
123321,,
123671,,
123790,,
124295,,
124343,,
124346,,
124364,,
125345,,
126883,,
126958,,
126977,,
127180,,
127239,,
127856,,
128390,,
129055,,
129294,,
129318,,
129322,,
129809,,
131368,,
132387,,
133375,,
134095,,
134172,,
134822,,
135327,,
135366,,
135632,,
136173,,
136225,,
136318,,
137214,,
137221,,
138050,,
138939,,
139704,,
140715,,
142261,,
142391,,
142678,,
143221,,
143315,,
143428,,
143750,,
144407,,
144862,,
145271,,
145904,,
146670,,
146788,,
147007,,
147321,,
147490,,
147503,,
147704,,
148301,,
148886,,
148919,,
149136,,
150539,,
150738,,
151295,,
152442,,
152805,,
154127,,
154432,,
154753,,
154756,,
155057,,
155224,,
155407,,
156289,,
156893,,
157355,,
158654,,
159563,,
159723,,
159728,,
159796,,
160095,,
160891,,
161172,,
161450,,
161570,,
161583,,
163487,,
164053,,
164097,,
164901,,
166190,,
166526,,
167180,,
167417,,
167512,,
167965,,
168194,,
168859,,
168991,,
169318,,
169500,,
170117,,
170929,,
171170,,
171905,,
172069,,
172635,,
172652,,
173376,,
175065,,
175422,,
176252,,
176457,,
176916,,
177170,,
177720,,
178287,,
178486,,
179013,,
180407,,
182255,,
183084,,
183590,,
184154,,
184163,,
184759,,
184911,,
185431,,
186731,,
186795,,
187006,,
187421,,
187541,,
187772,,
187911,,
187998,,
188610,,
188657,,
188665,,
189382,,
189832,,
191253,,
191641,,
191999,,
192068,,
192143,,
192234,,
192579,,
193094,,
193680,,
193987,,
194325,,
195010,,
195173,,
195219,,
195986,,
196194,,
197623,,
197863,,
198438,,
198548,,
198549,,
199394,,
199463,,
200013,,
200137,,
200504,,
201812,,
202026,,
202049,,
202623,,
203121,,
203168,,
204638,,
204879,,
204892,,
205174,,
205458,,
205461,,
206568,,
206833,,
206929,,
207241,,
207259,,
207417,,
208921,,
209293,,
210074,,
210264,,
211622,,
211989,,
213487,,
214570,,
215925,,
216160,,
216438,,
216649,,
216716,,
217485,,
218005,,
218809,,
219969,,
220333,,
220418,,
220498,,
220737,,
220888,,
221983,,
223028,,
223118,,
223222,,
223234,,
223642,,
224900,,
225071,,
226225,,
226355,,
226578,,
226729,,
226940,,
227046,,
227273,,
227412,,
227723,,
228426,,
229028,,
229290,,
229311,,
229651,,
230197,,
230414,,
230986,,
231320,,
233480,,
233534,,
233557,,
233924,,
235414,,
235935,,
236600,,
236964,,
237514,,
238158,,
238330,,
238429,,
238460,,
238662,,
239032,,
240058,,
240083,,
241381,,
241422,,
241636,,
242212,,
242284,,
242352,,
242467,,
242836,,
243342,,
243345,,
244305,,
245017,,
245249,,
245702,,
245731,,
248528,,
249572,,
250027,,
250053,,
250124,,
250504,,
250564,,
251866,,
251929,,
252663,,
252708,,
252936,,
253753,,
253815,,
254024,,
255297,,
255684,,
256533,,
258650,,
259059,,
259361,,
261274,,
262049,,
262980,,
263081,,
263276,,
263399,,
264038,,
264171,,
265226,,
265327,,
265471,,
266359,,
267226,,
267382,,
267715,,
267761,,
267891,,
268141,,
268451,,
269968,,
270121,,
270506,,
271404,,
272256,,
272301,,
272772,,
273030,,
273365,,
273778,,
275119,,
275220,,
275517,,
275672,,
277081,,
278535,,
278705,,
279470,,
279652,,
280122,,
280975,,
281164,,
281607,,
281671,,
281734,,
281852,,
284720,,
285522,,
285751,,
286190,,
287687,,
287737,,
287868,,
288417,,
288427,,
288663,,
289115,,
290699,,
290787,,
290897,,
292039,,
293163,,
294336,,
295101,,
295600,,
296783,,
296864,,
296992,,
297616,,
298564,,
298968,,
300598,,
300974,,
301222,,
301285,,
301355,,
301433,,
302681,,
303238,,
303424,,
303945,,
304001,,
304103,,
304295,,
304507,,
304709,,
305016,,
305720,,
305897,,
306047,,
306444,,
306555,,
306686,,
307078,,
307567,,
308742,,
309126,,
309567,,
309706,,
309742,,
309759,,
309791,,
310633,,
310708,,
311153,,
312693,,
313770,,
313810,,
314138,,
314547,,
314982,,
315194,,
315420,,
315829,,
315840,,
316248,,
316609,,
317167,,
317667,,
317707,,
318540,,
319031,,
321248,,
321894,,
321967,,
323187,,
323426,,
323919,,
324612,,
325482,,
325617,,
325626,,
325641,,
326134,,
326741,,
327273,,
327751,,
328656,,
329142,,
329465,,
329963,,
330075,,
330262,,
330770,,
330914,,
332773,,
333090,,
333203,,
333331,,
333792,,
334297,,
334403,,
334929,,
334940,,
335011,,
335674,,
335990,,
336160,,
336244,,
336558,,
339520,,
344220,,
344974,,
344989,,
348058,,
348882,,
349034,,
349065,,
349388,,
349419,,
349432,,
349579,,
349908,,
350998,,
351068,,
351687,,
351814,,
352092,,
354160,,
356098,,
356839,,
358505,,
358878,,
359182,,
359395,,
359663,,
360161,,
360315,,
360674,,
361768,,
362193,,
363201,,
363755,,
363762,,
364363,,
365055,,
365440,,
365801,,
365880,,
366177,,
366273,,
366327,,
366332,,
366539,,
366561,,
366745,,
366786,,
366787,,
366845,,
367027,,
367065,,
367096,,
367178,,
367316,,
367367,,
367402,,
367474,,
367597,,
368394,,
369396,,
369865,,
370055,,
370414,,
370905,,
371496,,
372794,,
373459,,
374102,,
374157,,
375033,,
375723,,
376391,,
378090,,
378225,,
378231,,
378249,,
378299,,
378546,,
378654,,
379878,,
381875,,
382125,,
384156,,
384779,,
385870,,
386267,,
386698,,
386920,,
386929,,
386960,,
387214,,
387224,,
387468,,
387585,,
388203,,
389692,,
390880,,
391626,,
391661,,
392459,,
394233,,
395718,,
395896,,
396707,,
396847,,
397087,,
397728,,
399633,,
399859,,
400380,,
400410,,
401059,,
401417,,
401775,,
402034,,
402041,,
402057,,
402082,,
402093,,
402126,,
402136,,
402151,,
402163,,
402168,,
402175,,
402181,,
402261,,
402272,,
402281,,
402312,,
402466,,
402482,,
402514,,
402549,,
402556,,
402568,,
402580,,
402621,,
402637,,
402704,,
402719,,
402767,,
402789,,
402826,,
402863,,
402870,,
402899,,
402921,,
402925,,
402936,,
402942,,
402970,,
402976,,
402990,,
402998,,
403011,,
403033,,
403052,,
403068,,
403101,,
403107,,
403112,,
403129,,
403133,,
403140,,
403203,,
403209,,
403213,,
403250,,
403281,,
403295,,
403307,,
403326,,
403328,,
403331,,
403343,,
403351,,
403371,,
403384,,
403400,,
403421,,
403427,,
403432,,
403482,,
403486,,
403497,,
403504,,
403518,,
403553,,
403600,,
403636,,
403643,,
403646,,
403665,,
403666,,
403679,,
403682,,
403683,,
403760,,
403919,,
403923,,
404316,,
404632,,
404654,,
404681,,
404734,,
404905,,
405286,,
405329,,
405360,,
405455,,
405493,,
405524,,
405661,,
405778,,
405874,,
405912,,
406211,,
406225,,
406249,,
406726,,
406822,,
406847,,
407083,,
407144,,
407243,,
407343,,
407365,,
407387,,
407407,,
407419,,
407432,,
407444,,
407445,,
407462,,
407472,,
407475,,
407485,,
407486,,
407489,,
407495,,
407502,,
407503,,
407504,,
407511,,
407515,,
407516,,
407533,,
407536,,
407552,,
407571,,
407576,,
407579,,
407588,,
407615,,
407625,,
407638,,
407644,,
407671,,
407672,,
407673,,
407686,,
407689,,
407692,,
407706,,
407749,,
407750,,
407761,,
407771,,
407781,,
407808,,
407812,,
407825,,
407833,,
407845,,
407861,,
407864,,
407873,,
407877,,
407880,,
407890,,
407898,,
407915,,
407945,,
407950,,
407951,,
407958,,
407971,,
407995,,
408007,,
408013,,
408019,,
408049,,
408051,,
408052,,
408068,,
408080,,
408082,,
408092,,
408114,,
408140,,
408142,,
408158,,
408163,,
408173,,
408179,,
408186,,
408188,,
408189,,
408223,,
408226,,
408232,,
408254,,
408256,,
408258,,
408275,,
408276,,
408280,,
408286,,
408290,,
408303,,
408319,,
408320,,
408342,,
408343,,
408345,,
408351,,
408353,,
408361,,
408370,,
408392,,
408393,,
408401,,
408409,,
408427,,
408434,,
408445,,
408453,,
408470,,
408471,,
408496,,
408506,,
408511,,
408518,,
408538,,
408541,,
408542,,
408548,,
408552,,
408563,,
408571,,
408579,,
408591,,
408597,,
408601,,
408604,,
408630,,
408634,,
408641,,
408655,,
408657,,
408660,,
408665,,
408673,,
408699,,
408702,,
408708,,
408736,,
408739,,
408744,,
408747,,
408789,,
408800,,
408807,,
408845,,
408851,,
408857,,
408861,,
408895,,
408899,,
408910,,
408918,,
408924,,
408930,,
408968,,
408970,,
408988,,
409018,,
409023,,
409028,,
409071,,
409076,,
409079,,
409082,,
409099,,
409104,,
409105,,
409121,,
409138,,
409146,,
409160,,
409166,,
409170,,
409175,,
409181,,
409188,,
409217,,
409228,,
409230,,
409241,,
409266,,
409268,,
409275,,
409282,,
409287,,
409303,,
409342,,
409346,,
409364,,
409369,,
409373,,
409381,,
409401,,
409419,,
409421,,
409423,,
409425,,
409450,,
409456,,
409463,,
409479,,
409486,,
409504,,
409537,,
409569,,
409574,,
409604,,
409614,,
409624,,
409628,,
409631,,
409637,,
409652,,
409660,,
409663,,
409671,,
409674,,
409694,,
409706,,
409711,,
409714,,
409727,,
409752,,
409753,,
409758,,
409765,,
409766,,
409782,,
409795,,
409802,,
409806,,
409822,,
409826,,
409844,,
409845,,
409859,,
409883,,
409885,,
409897,,
409898,,
409902,,
409912,,
409938,,
409947,,
409959,,
409982,,
409986,,
409992,,
410007,,
410008,,
410044,,
410052,,
410059,,
410063,,
410071,,
410085,,
410090,,
410093,,
410108,,
410127,,
410149,,
410151,,
410159,,
410166,,
410174,,
410176,,
410182,,
410192,,
410199,,
410208,,
410236,,
410237,,
410249,,
410262,,
410270,,
410289,,
410301,,
410313,,
410320,,
410322,,
410331,,
410334,,
410346,,
410370,,
410400,,
410411,,
410417,,
410435,,
410441,,
410445,,
410446,,
410474,,
410475,,
410476,,
410494,,
410495,,
410496,,
410501,,
410505,,
410516,,
410518,,
410525,,
410531,,
410538,,
410544,,
410565,,
410591,,
410600,,
410604,,
410609,,
410694,,
410697,,
410712,,
410716,,
410728,,
410729,,
410739,,
410743,,
410752,,
410755,,
410776,,
410782,,
410784,,
410798,,
410812,,
410816,,
410835,,
410856,,
410862,,
410871,,
410876,,
410894,,
410902,,
410909,,
410915,,
410925,,
410935,,
410937,,
410948,,
410950,,
410958,,
410988,,
411000,,
411005,,
411008,,
411017,,
411020,,
411051,,
411056,,
411074,,
411083,,
411084,,
411086,,
411094,,
411101,,
411102,,
411107,,
411113,,
411115,,
411135,,
411145,,
411147,,
411162,,
411166,,
411191,,
411192,,
411195,,
411198,,
411200,,
411208,,
411234,,
411236,,
411240,,
411248,,
411260,,
411268,,
411283,,
411286,,
411296,,
411320,,
411321,,
411329,,
411377,,
411379,,
411385,,
411394,,
411408,,
411433,,
411440,,
411452,,
411461,,
411463,,
411514,,
411519,,
411555,,
411564,,
411571,,
411574,,
411581,,
411603,,
411612,,
411617,,
411628,,
411630,,
411634,,
411641,,
411646,,
411671,,
411674,,
411681,,
411684,,
411694,,
411704,,
411713,,
411724,,
411731,,
411737,,
411746,,
411754,,
411760,,
411766,,
411787,,
411788,,
411804,,
411806,,
411811,,
411826,,
411833,,
411836,,
411838,,
411845,,
411882,,
411891,,
411898,,
411905,,
411913,,
411917,,
411921,,
411930,,
411957,,
411958,,
411980,,
411984,,
411991,,
411993,,
412003,,
412005,,
412006,,
412008,,
412011,,
412012,,
412028,,
412036,,
412061,,
412063,,
412081,,
412086,,
412093,,
412095,,
412100,,
412101,,
412128,,
412130,,
412136,,
412141,,
412149,,
412156,,
412157,,
412173,,
412176,,
412181,,
412185,,
412189,,
412214,,
412216,,
412233,,
412236,,
412244,,
412245,,
412247,,
412248,,
412268,,
412275,,
412279,,
412291,,
412294,,
412301,,
412352,,
412357,,
412373,,
412381,,
412394,,
412403,,
412411,,
412416,,
412417,,
412454,,
412455,,
412456,,
412461,,
412462,,
412475,,
412476,,
412484,,
412494,,
412503,,
412517,,
412543,,
412547,,
412548,,
412549,,
412555,,
412567,,
412582,,
412586,,
412594,,
412607,,
412621,,
412625,,
412638,,
412641,,
412661,,
412690,,
412714,,
412723,,
412737,,
412741,,
412742,,
412748,,
412750,,
412752,,
412761,,
412765,,
412792,,
412793,,
412802,,
412806,,
412810,,
414159,,
414167,,
414217,,
414221,,
414249,,
414256,,
414360,,
414367,,
414415,,
414435,,
414459,,
414500,,
414551,,
414620,,
414627,,
414642,,
414675,,
414678,,
414812,,
414824,,
414869,,
414876,,
414877,,
414899,,
414907,,
414922,,
414938,,
414969,,
414970,,
415020,,
415117,,
415165,,
415212,,
415214,,
415234,,
415274,,
415297,,
415302,,
415336,,
415423,,
415463,,
415472,,
415523,,
415560,,
415610,,
415652,,
415683,,
415734,,
415740,,
415768,,
415827,,
415837,,
415854,,
415882,,
415919,,
415945,,
415971,,
415974,,
416092,,
416108,,
416166,,
416261,,
416271,,
416274,,
416282,,
416294,,
416391,,
416394,,
416440,,
416454,,
416472,,
416487,,
416495,,
416539,,
416597,,
416617,,
416623,,
416637,,
416695,,
416710,,
416726,,
416748,,
416749,,
416825,,
416867,,
416892,,
416977,,
417006,,
417008,,
417031,,
417048,,
417069,,
417077,,
417115,,
417153,,
417154,,
417180,,
417212,,
417220,,
417262,,
417269,,
417279,,
417296,,
417306,,
417337,,
417352,,
417385,,
417391,,
417406,,
417408,,
417422,,
417427,,
417439,,
417447,,
417454,,
417456,,
417474,,
417485,,
417492,,
417496,,
417549,,
417557,,
417595,,
417604,,
417613,,
417615,,
417659,,
417692,,
417718,,
417733,,
417743,,
417772,,
417796,,
417806,,
417813,,
417835,,
417903,,
417904,,
417962,,
417976,,
418030,,
418128,,
418155,,
418201,,
418232,,
418265,,
418353,,
418373,,
418423,,
418532,,
418561,,
418584,,
418607,,
418665,,
418728,,
418786,,
418882,,
418903,,
418912,,
418942,,
418947,,
418958,,
419006,,
419035,,
419038,,
419045,,
419076,,
419126,,
419141,,
419200,,
419301,,
419331,,
419349,,
419365,,
419392,,
419397,,
419440,,
419464,,
419470,,
419535,,
419570,,
419583,,
419636,,
419679,,
419696,,
419782,,
419786,,
419824,,
419829,,
419896,,
419922,,
419934,,
419956,,
420001,,
420019,,
420020,,
420033,,
420041,,
420083,,
420162,,
420197,,
420215,,
420229,,
420230,,
420237,,
420252,,
420286,,
420297,,
420298,,
420319,,
420384,,
420421,,
420445,,
420448,,
420867,,
420905,,
420926,,
421000,,
421156,,
421238,,
421239,,
421287,,
421383,,
421387,,
421402,,
421412,,
421530,,
421585,,
421622,,
421789,,
421844,,
421894,,
421938,,
422048,,
422054,,
422355,,
422362,,
422475,,
422664,,
422780,,
422782,,
422799,,
422819,,
422823,,
422853,,
422868,,
423107,,
423142,,
423171,,
423188,,
423208,,
423247,,
423280,,
423282,,
423316,,
423345,,
423351,,
423418,,
423431,,
423588,,
423711,,
423713,,
423732,,
423899,,
423931,,
423937,,
424071,,
424090,,
424104,,
424159,,
424174,,
424205,,
424212,,
424252,,
424288,,
424388,,
424435,,
424479,,
424524,,
424617,,
424648,,
424746,,
424792,,
424812,,
424822,,
424859,,
424884,,
424927,,
424936,,
424973,,
425027,,
425081,,
425086,,
425198,,
425248,,
425254,,
425329,,
425399,,
425435,,
425550,,
425569,,
425596,,
425630,,
425761,,
425914,,
425915,,
425974,,
426073,,
426167,,
426188,,
426191,,
426202,,
426222,,
426262,,
426287,,
426345,,
426370,,
426418,,
426469,,
426471,,
426508,,
426649,,
426712,,
426795,,
426875,,
426907,,
427037,,
427081,,
427130,,
427259,,
427332,,
427384,,
427529,,
427649,,
427711,,
427762,,
428007,,
428218,,
428254,,
428329,,
428412,,
428675,,
429084,,
429180,,
429326,,
429359,,
429440,,
429694,,
429770,,
429812,,
429941,,
430134,,
430347,,
431935,,
432044,,
432229,,
432315,,
432397,,
432460,,
432477,,
432644,,
432665,,
432802,,
432804,,
433266,,
433299,,
433533,,
433598,,
433619,,
433701,,
433743,,
433761,,
433868,,
433938,,
434158,,
434393,,
434416,,
434465,,
434484,,
434570,,
434588,,
434694,,
434711,,
435310,,
435435,,
435655,,
435859,,
435985,,
436582,,
436698,,
436767,,
437167,,
437182,,
437317,,
437567,,
437645,,
437699,,
438481,,
438569,,
439559,,
439673,,
440008,,
440348,,
440687,,
442931,,
442940,,
443005,,
443396,,
443511,,
443530,,
443626,,
443799,,
443903,,
444092,,
444217,,
444462,,
444825,,
445240,,
445409,,
445978,,
447392,,
447600,,
447610,,
447636,,
447864,,
448170,,
448630,,
448867,,
448868,,
449072,,
449387,,
449493,,
449501,,
449531,,
450229,,
450525,,
452714,,
452916,,
452967,,
453166,,
454132,,
454165,,
454183,,
454325,,
454333,,
454783,,
455044,,
455244,,
455315,,
455586,,
455659,,
455882,,
455906,,
455910,,
455990,,
456257,,
456314,,
456407,,
456456,,
456461,,
456479,,
456611,,
456673,,
456820,,
456866,,
456996,,
457048,,
457061,,
457085,,
457149,,
457382,,
457623,,
459163,,
459232,,
459278,,
460890,,
460904,,
460914,,
461194,,
461263,,
461517,,
461631,,
461711,,
461727,,
461930,,
462125,,
462252,,
462270,,
462348,,
462474,,
462660,,
462846,,
463296,,
463425,,
464628,,
464660,,
465048,,
465114,,
465275,,
465658,,
466056,,
466093,,
467054,,
467099,,
467109,,
467363,,
467631,,
467705,,
468589,,
468969,,
469535,,
469577,,
469663,,
469712,,
470372,,
470916,,
470954,,
471148,,
471319,,
471360,,
472679,,
473014,,
473023,,
473096,,
473183,,
473197,,
473749,,
473953,,
474663,,
474822,,
475023,,
475357,,
475710,,
475841,,
475948,,
476238,,
476604,,
476630,,
476693,,
476823,,
476883,,
477050,,
479751,,
479855,,
480054,,
480056,,
480131,,
480723,,
480916,,
481324,,
481519,,
482544,,
482632,,
482782,,
482812,,
482880,,
483261,,
483537,,
484374,,
487535,,
487551,,
487677,,
487925,,
488589,,
489364,,
490411,,
490786,,
490803,,
491313,,
492362,,
492520,,
492749,,
495068,,
495084,,
495345,,
495787,,
496258,,
496774,,
497208,,
497338,,
497492,,
497817,,
498115,,
498444,,
498900,,
498931,,
498948,,
499576,,
499902,,
500122,,
500656,,
501096,,
502714,,
502728,,
502746,,
502762,,
502911,,
503057,,
503089,,
504206,,
504303,,
505316,,
505391,,
505493,,
506019,,
506649,,
506797,,
508443,,
508453,,
508676,,
508771,,
508983,,
511155,,
511233,,
511640,,
512118,,
513337,,
514177,,
514887,,
515056,,
516608,,
516654,,
516692,,
517126,,
517327,,
517348,,
517476,,
517650,,
519378,,
519598,,
519694,,
519706,,
521293,,
523973,,
524599,,
525008,,
525097,,
525276,,
527014,,
527146,,
527238,,
527395,,
527439,,
527487,,
527788,,
528117,,
528979,,
530275,,
530752,,
531710,,
532109,,
532541,,
532577,,
532588,,
532617,,
534421,,
534803,,
534877,,
535010,,
535975,,
536157,,
536225,,
536252,,
536874,,
537113,,
537601,,
538122,,
538297,,
538353,,
538766,,
538928,,
542299,,
542367,,
542711,,
543427,,
543524,,
543868,,
545418,,
547528,,
549112,,
550340,,
552183,,
552380,,
552983,,
554273,,
554804,,
554855,,
554983,,
555064,,
556587,,
556663,,
556968,,
557253,,
557258,,
557712,,
557762,,
558823,,
561989,,
562175,,
562248,,
562289,,
562458,,
562572,,
562652,,
564362,,
564418,,
565173,,
565241,,
567087,,
567928,,
568630,,
568728,,
568951,,
569228,,
570059,,
571849,,
572128,,
572456,,
573247,,
573934,,
574564,,
574743,,
575016,,
575107,,
575503,,
575823,,
576631,,
576939,,
576998,,
577188,,
577280,,
578344,,
578891,,
579378,,
579819,,
579962,,
580095,,
580152,,
580998,,
581111,,
581156,,
581659,,
581704,,
582062,,
582091,,
582165,,
582168,,
582296,,
582334,,
582441,,
582825,,
582870,,
583243,,
583440,,
583483,,
583622,,
583624,,
583646,,
583714,,
583722,,
583979,,
584025,,
584255,,
584353,,
584658,,
584685,,
584784,,
584976,,
586188,,
586541,,
586605,,
586653,,
586770,,
587424,,
587450,,
587480,,
587802,,
587932,,
588466,,
588589,,
588678,,
588720,,
589168,,
590213,,
590237,,
590574,,
590598,,
590600,,
590723,,
590772,,
590788,,
590820,,
590829,,
590833,,
590853,,
590893,,
590956,,
591042,,
591099,,
591154,,
591196,,
591211,,
591214,,
591233,,
591244,,
591252,,
591263,,
591267,,
591285,,
591298,,
591317,,
591324,,
591331,,
591367,,
591392,,
591405,,
591585,,
591628,,
591660,,
591677,,
591738,,
591783,,
591803,,
591857,,
591959,,
592100,,
592176,,
592289,,
592291,,
592354,,
592414,,
592491,,
594291,,
594597,,
594930,,
595010,,
595024,,
595097,,
595281,,
595326,,
595356,,
596059,,
596219,,
596380,,
597431,,
597576,,
597712,,
598207,,
598446,,
598516,,
598889,,
599099,,
599169,,
599495,,
599561,,
599638,,
599846,,
600092,,
600114,,
600306,,
600423,,
601719,,
602110,,
602374,,
602447,,
602584,,
602726,,
602815,,
602892,,
602967,,
602998,,
603118,,
603168,,
603540,,
603628,,
603641,,
603982,,
604352,,
604718,,
604820,,
604968,,
605048,,
605207,,
605301,,
605431,,
605874,,
606073,,
606316,,
606429,,
606488,,
606490,,
606499,,
606846,,
606921,,
606992,,
607290,,
607362,,
607711,,
607872,,
609312,,
609408,,
609412,,
609432,,
609436,,
610506,,
610525,,
610568,,
610754,,
611796,,
612727,,
612989,,
613207,,
613436,,
613530,,
613621,,
613625,,
613868,,
613878,,
614118,,
614157,,
614329,,
614360,,
614521,,
614565,,
614839,,
614917,,
616963,,
616981,,
617137,,
617193,,
617298,,
617608,,
618315,,
618523,,
618946,,
619206,,
619278,,
619573,,
620025,,
620046,,
620325,,
621839,,
622041,,
622236,,
623326,,
623492,,
623717,,
624326,,
624393,,
624420,,
624472,,
625798,,
625906,,
626072,,
626957,,
627200,,
627390,,
627818,,
628047,,
628220,,
628270,,
628472,,
628593,,
628722,,
629112,,
629192,,
629254,,
629434,,
629555,,
629714,,
629774,,
629845,,
630161,,
631727,,
631780,,
631980,,
633428,,
633454,,
634128,,
634306,,
634448,,
634551,,
634969,,
636040,,
636056,,
636288,,
636512,,
636749,,
637259,,
637574,,
637930,,
638029,,
639478,,
639816,,
639866,,
640049,,
640070,,
640528,,
640568,,
640575,,
641472,,
641991,,
642077,,
642086,,
643019,,
643041,,
643365,,
643643,,
643835,,
643898,,
644767,,
644900,,
644923,,
645682,,
646900,,
646986,,
647008,,
647714,,
647811,,
648066,,
648092,,
648143,,
648272,,
648288,,
648376,,
648504,,
648742,,
648758,,
648921,,
649083,,
649137,,
649831,,
650144,,
650767,,
650803,,
651186,,
651197,,
651297,,
651372,,
651474,,
651926,,
652017,,
652162,,
652595,,
652600,,
653030,,
653078,,
653257,,
654870,,
655039,,
655540,,
655627,,
655896,,
655994,,
656075,,
656119,,
656280,,
656773,,
656924,,
657903,,
658631,,
658756,,
658891,,
659469,,
659492,,
659500,,
659503,,
659570,,
659721,,
659851,,
659854,,
659864,,
659941,,
659998,,
660084,,
660273,,
660311,,
660322,,
660425,,
660539,,
660552,,
660650,,
660670,,
660832,,
660840,,
660983,,
661034,,
661073,,
661121,,
661440,,
662752,,
662904,,
663124,,
663312,,
663423,,
663470,,
663524,,
663689,,
663956,,
663970,,
664052,,
664758,,
666955,,
667183,,
667244,,
667586,,
667720,,
667893,,
668126,,
668161,,
668166,,
668168,,
668480,,
668612,,
668621,,
668757,,
669133,,
669145,,
669242,,
669271,,
669399,,
669439,,
669447,,
669536,,
669648,,
669937,,
669943,,
669957,,
669969,,
669992,,
670074,,
670106,,
670144,,
670166,,
670315,,
670464,,
670480,,
670540,,
671111,,
671626,,
671771,,
671948,,
672113,,
672132,,
672267,,
672476,,
672480,,
672684,,
672860,,
672962,,
672994,,
673084,,
673110,,
673144,,
673383,,
673476,,
673750,,
673840,,
674034,,
674039,,
674056,,
674065,,
674172,,
674230,,
674242,,
674261,,
674294,,
674366,,
674667,,
674682,,
674920,,
675008,,
675021,,
675618,,
675677,,
675727,,
676198,,
676204,,
676294,,
676378,,
676622,,
676737,,
676904,,
677193,,
677377,,
677444,,
677678,,
677848,,
677871,,
678104,,
678117,,
678292,,
678303,,
678366,,
678494,,
678571,,
678853,,
678899,,
678916,,
678978,,
679150,,
679174,,
679188,,
679245,,
679332,,
679448,,
679555,,
679643,,
680000,,
680097,,
680105,,
680424,,
680619,,
680741,,
680755,,
680789,,
680898,,
680939,,
681689,,
682065,,
682547,,
682801,,
682805,,
682891,,
683091,,
683176,,
683852,,
684170,,
684712,,
684804,,
685046,,
685172,,
685294,,
685310,,
685448,,
685483,,
685538,,
685750,,
685879,,
686369,,
687949,,
687953,,
688419,,
688532,,
688873,,
688885,,
688980,,
688999,,
689006,,
689008,,
689016,,
689038,,
689053,,
689069,,
689098,,
689228,,
689234,,
689263,,
689309,,
689331,,
689386,,
689427,,
689518,,
689523,,
689525,,
689534,,
689639,,
689676,,
689785,,
689811,,
689826,,
689835,,
689842,,
689913,,
689972,,
689978,,
689981,,
690009,,
690069,,
690241,,
690272,,
690319,,
690342,,
690356,,
690490,,
690513,,
690724,,
691009,,
691013,,
691095,,
691139,,
691144,,
691249,,
691299,,
691328,,
691474,,
691475,,
691493,,
691583,,
691662,,
691687,,
691967,,
692029,,
692043,,
692066,,
692162,,
692210,,
692262,,
692571,,
692667,,
692730,,
692813,,
692832,,
693060,,
693158,,
693366,,
693438,,
693592,,
693624,,
693738,,
694199,,
694226,,
694249,,
694302,,
694554,,
694960,,
695150,,
695381,,
695415,,
695458,,
695619,,
697629,,
697696,,
697941,,
698179,,
698257,,
698434,,
698641,,
699652,,
700477,,
700786,,
700826,,
700956,,
702001,,
702214,,
702510,,
703467,,
703970,,
703979,,
704019,,
704679,,
704920,,
704951,,
705147,,
707427,,
708102,,
708454,,
708805,,
708879,,
709430,,
709564,,
709724,,
709817,,
710147,,
710258,,
710335,,
710448,,
710473,,
710515,,
710565,,
710696,,
710795,,
710975,,
711256,,
711315,,
711372,,
711398,,
711621,,
711657,,
711661,,
711755,,
711859,,
711947,,
711954,,
712138,,
712178,,
712179,,
712292,,
712331,,
712341,,
712415,,
712525,,
712614,,
712622,,
712654,,
712895,,
713007,,
713130,,
713248,,
713310,,
713337,,
713361,,
713372,,
713513,,
713592,,
713673,,
713703,,
713708,,
713891,,
713938,,
714013,,
714026,,
714278,,
714419,,
714747,,
714752,,
715019,,
716696,,
716762,,
717093,,
717280,,
717350,,
717629,,
717816,,
717859,,
717889,,
717978,,
718049,,
718091,,
718145,,
718475,,
718580,,
718865,,
718873,,
719038,,
719119,,
719226,,
719296,,
719419,,
720006,,
720020,,
720905,,
721026,,
721076,,
721210,,
721288,,
721358,,
721450,,
721480,,
721521,,
721672,,
721930,,
722099,,
722129,,
722147,,
722164,,
722316,,
722426,,
722454,,
722463,,
722542,,
722662,,
722666,,
722851,,
723028,,
723032,,
724725,,
724978,,
726861,,
727216,,
727307,,
727368,,
727394,,
727415,,
727525,,
727746,,
728046,,
728243,,
728399,,
728962,,
731302,,
731550,,
731629,,
732397,,
732439,,
732905,,
732998,,
733988,,
734203,,
734629,,
734764,,
738030,,
738765,,
738836,,
739947,,
740484,,
741650,,
741697,,
742751,,
744850,,
745029,,
745229,,
747903,,
748062,,
748800,,
749720,,
754241,,
754600,,
755457,,
756890,,
763058,,
763628,,
764815,,
765773,,
771024,,
773946,,
781328,,
782623,,
783085,,
785652,,
786282,,
789669,,
790363,,
790901,,
790938,,
792155,,
792271,,
792810,,
793218,,
793365,,
797029,,
798524,,
798838,,
799559,,
804590,,
805137,,
806348,,
806756,,
807037,,
807185,,
807842,,
809212,,
810234,,
810517,,
810856,,
812224,,
812870,,
813532,,
814306,,
814369,,
815260,,
817059,,
818303,,
818732,,
819243,,
823546,,
827471,,
828736,,
830515,,
831354,,
831420,,
832780,,
832798,,
833134,,
833287,,
833975,,
834138,,
835113,,
837629,,
838230,,
838599,,
839932,,
840559,,
841666,,
841725,,
843370,,
843786,,
844050,,
845123,,
845395,,
845543,,
845712,,
845740,,
852726,,
853676,,
855246,,
855954,,
856339,,
857665,,
858444,,
859235,,
859733,,
859894,,
860077,,
863093,,
863412,,
863557,,
863839,,
864259,,
864556,,
866646,,
866866,,
868010,,
869345,,
869392,,
871249,,
871362,,
875414,,
875590,,
875714,,
875779,,
876028,,
876166,,
878268,,
878560,,
879288,,
879429,,
879693,,
882067,,
882420,,
884157,,
885194,,
886872,,
886999,,
888678,,
889825,,
890728,,
891194,,
891795,,
892152,,
892479,,
892917,,
893108,,
893615,,
893804,,
893979,,
893998,,
894334,,
894409,,
894727,,
894859,,
894876,,
895006,,
895692,,
900131,,
900372,,
900439,,
900496,,
900713,,
900716,,
901191,,
901636,,
902516,,
902735,,
902869,,
903143,,
903728,,
904269,,
904300,,
904679,,
906634,,
907382,,
908318,,
908734,,
911111,,
912928,,
913911,,
916924,,
917854,,
920222,,
937144,,
938944,,
939671,,
941062,,
944890,,
946050,,
946150,,
950995,,
952767,,
956137,,
956588,,
958006,,
960879,,
962534,,
963426,,
964711,,
964926,,
965070,,
966266,,
967621,,
969831,,
976125,,
977649,,
979539,,
981049,,
982462,,
984753,,
988378,,
988741,,
991591,,
992165,,
995030,,
995197,,
996266,,
996492,,
997209,,
997328,,
997554,,
997734,,
1002241,,
1003275,,
1004515,,
1004883,,
1005730,,
1012015,,
1014803,,
1016375,,
1019066,,
1019917,,
1020073,,
1020428,,
1020469,,
1020472,,
1020509,,
1020518,,
1020520,,
1020536,,
1020555,,
1020588,,
1020595,,
1020646,,
1020670,,
1020722,,
1020727,,
1020853,,
1020856,,
1020871,,
1020939,,
1020957,,
1020980,,
1020997,,
1021011,,
1021045,,
1021053,,
1021082,,
1021086,,
1021125,,
1021140,,
1021172,,
1021181,,
1021248,,
1021255,,
1021345,,
1021346,,
1021381,,
1021386,,
1021396,,
1021404,,
1021433,,
1021535,,
1021574,,
1021590,,
1021598,,
1021605,,
1021619,,
1021683,,
1021710,,
1021725,,
1021728,,
1021790,,
1021834,,
1021835,,
1021852,,
1021889,,
1021891,,
1021935,,
1021939,,
1021970,,
1022044,,
1022112,,
1022117,,
1022119,,
1022158,,
1022181,,
1022201,,
1022211,,
1022274,,
1022293,,
1022314,,
1022345,,
1022350,,
1022361,,
1022387,,
1022444,,
1022454,,
1022467,,
1022468,,
1022521,,
1022576,,
1022624,,
1022631,,
1022650,,
1022661,,
1022674,,
1022684,,
1022705,,
1022723,,
1022725,,
1022743,,
1022756,,
1022765,,
1022776,,
1022810,,
1022819,,
1022831,,
1022870,,
1022890,,
1022955,,
1022961,,
1022999,,
1023017,,
1023049,,
1023056,,
1023117,,
1023119,,
1023156,,
1023164,,
1023199,,
1023250,,
1023283,,
1023292,,
1023299,,
1023350,,
1023391,,
1023394,,
1023419,,
1023432,,
1023464,,
1023509,,
1023541,,
1023614,,
1023616,,
1023706,,
1023715,,
1023722,,
1023734,,
1023748,,
1023753,,
1023785,,
1023844,,
1023870,,
1023890,,
1023894,,
1023943,,
1023947,,
1024007,,
1024028,,
1024108,,
1024141,,
1024151,,
1024185,,
1024191,,
1024202,,
1024272,,
1024278,,
1024287,,
1024313,,
1024319,,
1024324,,
1024338,,
1024342,,
1024350,,
1024376,,
1024383,,
1024420,,
1028343,,
1029020,,
1029090,,
1029910,,
1030548,,
1030858,,
1030947,,
1031470,,
1031985,,
1033654,,
1033961,,
1034791,,
1036203,,
1037883,,
1039229,,
1041364,,
1043509,,
1045418,,
1047018,,
1048252,,
1053846,,
1057869,,
1063341,,
1072571,,
1072659,,
1072846,,
1073225,,
1074117,,
1081130,,
1082066,,
1082390,,
1082810,,
1083244,,
1084712,,
1088276,,
1088462,,
1089327,,
1091316,,
1091511,,
1092633,,
1092874,,
1093109,,
1093153,,
1094774,,
1096239,,
1097683,,
1098023,,
1098255,,
1107531,,
1109192,,
1109442,,
1109839,,
1110295,,
1111090,,
1111826,,
1113400,,
1114103,,
1115256,,
1115961,,
1116580,,
1116713,,
1120424,,
1120594,,
1124765,,
1125447,,
1126040,,
1126579,,
1132698,,
1132838,,
1133078,,
1133882,,
1135399,,
1135800,,
1135986,,
1140284,,
1140343,,
1142267,,
1142707,,
1146452,,
1147094,,
1147204,,
1149004,,
1149181,,
1149676,,
1150021,,
1150832,,
1150899,,
1159059,,
1160634,,
1162262,,
1164984,,
1166671,,
1168798,,
1169613,,
1170700,,
1172856,,
1174219,,
1174635,,
1175331,,
1176425,,
1179061,,
1179979,,
1197504,,
1199235,,
1202320,,
1211066,,
1211610,,
1211718,,
1212917,,
1214346,,
1216527,,
1216587,,
1218589,,
1219772,,
1219834,,
1220144,,
1228745,,
1229810,,
1230841,,
1237751,,
1243763,,
1245561,,
1248366,,
1252264,,
1261031,,
1267933,,
1268929,,
1272614,,
1273227,,
1276615,,
1289860,,
1290452,,
1292654,,
1302284,,
1305189,,
1305602,,
1311331,,
1327442,,
1328720,,
1338248,,
1340687,,
1349074,,
1354334,,
1388964,,
1406406,,
1411360,,
1443087,,
1474369,,
1474687,,
1517050,,
1593797,,
1641298,,
1657861,,
1747127,,
1825014,,
1928704,,
1934268,,
